0.001,0.0317053,0.00152423,0.440351,-3.48465e+58,-8.77298e+60,1.01342e+54,-1.07231e-07,2.08945e-06,-3.50171e-09,-0.000107231,0.00208945,-3.5016e-06,0.036174,0.00152419,0.432086,0.000473095,0,0.0143645,0,0,0,0,0,0,3.81947e-08,-3.63112e-08,7.70475e-08,0,0.0002392,-0.00019435,2.6722e-08,-1.45204e-08,-8.36948e-09,6.7275e-05,0,0,
0.002,0.0317143,0.00151893,0.44035,0.00917219,-0.00590195,-0.00118993,-2.65343e-05,4.26123e-05,-4.10609e-05,-0.0264262,0.0405234,-0.0410568,0.0361747,0.00152419,0.432108,0.000965283,0,0.0285845,0,0,0,0,0,0,-8.24146e-05,-0.000224026,0.000316965,0,0.0009536,-0.0007748,-0.00133999,-0.00129134,0.0146438,0.0002682,0,0,
0.003,0.0317229,0.00150631,0.440341,0.00873479,-0.0134421,-0.00961391,1.59528e-05,7.72402e-05,-8.17042e-05,0.0424892,0.0346253,-0.0406459,0.0361759,0.00152419,0.432143,0.00149964,0,0.0426597,0,0,0,0,0,0,-0.000224445,-0.000366962,0.000464376,0,0.0021384,-0.00173745,-0.00237899,-0.00216567,0.0200492,0.000601425,0,0,
0.004,0.0317313,0.00149511,0.440322,0.00865668,-0.0121578,-0.0189467,9.47962e-05,0.000115973,-0.000122273,0.0788474,0.0387244,-0.0405765,0.0361777,0.00152419,0.432193,0.00209844,0,0.0565898,0,0,0,0,0,0,-0.000383587,-0.000431947,0.000464378,0,0.0037888,-0.0030784,-0.00316438,-0.00283068,0.0216792,0.0010656,0,0,
0.005,0.0317398,0.00148421,0.440294,0.00877488,-0.0119339,-0.0286969,0.000195549,0.000159019,-0.000163154,0.100759,0.0430314,-0.0408946,0.0361801,0.00152419,0.432256,0.00278319,0,0.0703743,0,0,0,0,0,0,-0.000548372,-0.000431929,0.000328404,0,0.0059,-0.00479375,-0.00373209,-0.00333946,0.0217647,0.00165937,0,0,
0.006,0.0317483,0.00147349,0.440255,0.0087784,-0.0118284,-0.0389534,0.000308625,0.000206164,-0.000204816,0.113085,0.0471245,-0.0416832,0.0361833,0.00152419,0.432334,0.0035746,0,0.0840125,0,0,0,0,0,0,-0.000712245,-0.000346269,5.22651e-05,0,0.0084672,-0.0068796,-0.00410307,-0.00372576,0.0217647,0.0023814,0,0,
0.007,0.0317488,0.00147384,0.440235,0.000601239,-0.000208945,-0.0194821,0.000353102,0.000199545,-0.000230633,0.0444754,-0.00662883,-0.0258255,0.0361873,0.00152419,0.432424,0.0044926,0,0.0975034,0,0,0,0,0,0,-0.000833212,-0.00015534,-0.000253558,0,0.0114856,-0.00933205,-0.00440459,-0.00415032,0.0217647,0.00323032,0,0,
0.008,0.0317508,0.00147333,0.44021,0.0020303,-0.00110577,-0.0251926,0.000407682,0.000192934,-0.00025727,0.0545782,-0.00662358,-0.0266474,0.0361923,0.00152419,0.432529,0.00555637,0,0.110846,0,0,0,0,0,0,-0.00094989,0.000172376,-0.000610893,0,0.0149504,-0.0121472,-0.00474524,-0.00447657,0.0217647,0.0042048,0,0,
0.009,0.0317471,0.00146828,0.440212,-0.00352587,-0.00613186,0.00270013,0.000498915,0.000210542,-0.000302598,0.0912382,0.0175818,-0.0453465,0.0361985,0.00152419,0.432646,0.00678433,0,0.124038,0,0,0,0,0,0,-0.00107663,0.000633379,-0.000982312,0,0.0188568,-0.0153212,-0.00523947,-0.00463121,0.0217647,0.00530348,0,0,
0.01,0.0317448,0.00146456,0.440218,-0.00210194,-0.00477905,0.00558915,0.000592662,0.000216501,-0.000346557,0.0937488,0.00592902,-0.0439797,0.036206,0.00152419,0.432777,0.00819412,0,0.137079,0,0,0,0,0,0,-0.00119861,0.00128411,-0.00131525,0,0.0232,-0.01885,-0.00600514,-0.00470988,0.0217647,0.006525,0,0,
0.011,0.0317439,0.00146156,0.440228,-0.000866355,-0.00404947,0.0104492,0.000687442,0.000208423,-0.000389909,0.0947771,-0.00811316,-0.0433716,0.036215,0.00152419,0.43292,0.00980263,0,0.149965,0,0,0,0,0,0,-0.00131314,0.00214611,-0.00156989,0,0.0279752,-0.0227298,-0.00714266,-0.00472499,0.0217647,0.00786802,0,0,
0.012,0.0317442,0.00145951,0.440243,0.00033263,-0.00307256,0.0162018,0.000776591,0.000184508,-0.000432269,0.0891391,-0.0239519,-0.0423775,0.0362256,0.00152419,0.433076,0.011626,0,0.162694,0,0,0,0,0,0,-0.00141201,0.00323597,-0.00171708,0,0.0331776,-0.0269568,-0.00872558,-0.00472499,0.0217647,0.0093312,0,0,
0.013,0.0317458,0.00145815,0.440265,0.00159935,-0.00232966,0.0224354,0.000857851,0.000143171,-0.000473531,0.0812414,-0.0413731,-0.0412757,0.0362383,0.00152419,0.433245,0.0136796,0,0.175263,0,0,0,0,0,0,-0.00149335,0.00456811,-0.00173383,0,0.0388024,-0.031527,-0.0108123,-0.00472499,0.0217647,0.0109132,0,0,
0.014,0.031749,0.00145738,0.440292,0.00317684,-0.00170235,0.0287523,0.000931459,8.50193e-05,-0.000513754,0.0735793,-0.0581884,-0.0402317,0.0362531,0.00152419,0.433427,0.0159782,0,0.187669,0,0,0,0,0,0,-0.00155816,0.00614845,-0.00164332,0,0.0448448,-0.0364364,-0.0133649,-0.004725,0.0217647,0.0126126,0,0,
0.015,0.0317537,0.00145718,0.440326,0.00461239,-0.00109323,0.0356382,0.000997809,8.83003e-06,-0.000553015,0.0663097,-0.0762247,-0.0392632,0.0362703,0.00152419,0.433621,0.0185354,0,0.199906,0,0,0,0,0,0,-0.00160737,0.007989,-0.00142545,0,0.0513,-0.0416812,-0.0164332,-0.004725,0.0217647,0.0144281,0,0,
0.016,0.0317601,0.00145752,0.440367,0.00616227,-0.000512608,0.0427762,0.00105729,-8.64758e-05,-0.000591377,0.0594219,-0.0953398,-0.0383606,0.0362903,0.00152419,0.433827,0.0213646,0,0.211972,0,0,0,0,0,0,-0.00164187,0.0101003,-0.00106553,0,0.0581632,-0.0472576,-0.0200551,-0.004725,0.0217647,0.0163584,0,0,
0.017,0.0317681,0.00145837,0.440415,0.00781583,3.47884e-05,0.0501663,0.00111026,-0.000201778,-0.000628904,0.0529002,-0.115334,-0.0375193,0.0363131,0.00152419,0.434045,0.0244779,0,0.22386,0,0,0,0,0,0,-0.00166252,0.0124917,-0.000552246,0,0.0654296,-0.0531615,-0.0242607,-0.004725,0.0217647,0.0184021,0,0,
0.018,0.031778,0.0014597,0.44047,0.00957174,0.000544546,0.0577887,0.00115707,-0.000337777,-0.000665652,0.0467246,-0.13603,-0.0367352,0.0363393,0.00152419,0.434274,0.0278871,0,0.235565,0,0,0,0,0,0,-0.00167012,0.0151712,0.000122903,0,0.0730944,-0.0593892,-0.0290729,-0.004725,0.0217647,0.0205578,0,0,
0.019,0.0317898,0.00146142,0.440533,0.0114288,0.000965247,0.0656265,0.00119914,-0.000495019,-0.000701372,0.0419613,-0.157271,-0.0357024,0.036369,0.00152419,0.434516,0.031603,0,0.247082,0,0,0,0,0,0,-0.00167012,0.0181456,0.000966065,0,0.0811528,-0.0659366,-0.0345094,-0.004725,0.0217647,0.0228242,0,0,
0.02,0.0318037,0.00146346,0.440603,0.013384,0.00132034,0.0736614,0.00123839,-0.000673906,-0.000735678,0.0391188,-0.178914,-0.034283,0.0364026,0.00152419,0.434768,0.0356355,0,0.258403,0,0,0,0,0,0,-0.00167012,0.0214213,0.00198141,0,0.0896,-0.0728,-0.0405828,-0.004725,0.0217647,0.0252,0,0,
0.021,0.0318197,0.00146585,0.440682,0.015442,0.00170281,0.0818683,0.00127499,-0.000874695,-0.000768667,0.0364543,-0.200817,-0.0329604,0.0364404,0.00152419,0.435032,0.0399939,0,0.269523,0,0,0,0,0,0,-0.00167012,0.0250035,0.00317141,0,0.0984312,-0.0799754,-0.0473018,-0.004725,0.0217647,0.0276838,0,0,
0.022,0.0318379,0.00146853,0.440768,0.0176042,0.00202876,0.0902256,0.00130908,-0.00109752,-0.00080042,0.0339171,-0.222856,-0.0317193,0.0364827,0.00152419,0.435307,0.0446868,0,0.280432,0,0,0,0,0,0,-0.00167012,0.0288969,0.00453712,0,0.107642,-0.0874588,-0.0546718,-0.004725,0.0217647,0.0302742,0,0,
0.023,0.0318585,0.00147145,0.440862,0.0198747,0.00229343,0.098714,0.00134078,-0.00134242,-0.000831014,0.0315017,-0.244918,-0.0305552,0.0365299,0.00152419,0.435593,0.0497218,0,0.291124,0,0,0,0,0,0,-0.00167012,0.0331054,0.00607836,0,0.117226,-0.0952464,-0.0626955,-0.004725,0.0217647,0.0329699,0,0,
0.024,0.0318816,0.00147455,0.440965,0.0222543,0.00249188,0.107315,0.00137021,-0.00160929,-0.000860521,0.0292042,-0.266899,-0.0294636,0.0365823,0.00152419,0.43589,0.0551057,0,0.301589,0,0,0,0,0,0,-0.00167012,0.0376326,0.00779391,0,0.127181,-0.103334,-0.0713731,-0.004725,0.0217647,0.0357696,0,0,
0.025,0.0319072,0.00147775,0.441076,0.0247478,0.00261923,0.116009,0.00139749,-0.00189797,-0.000889009,0.0270203,-0.288702,-0.0284405,0.0366402,0.00152419,0.436196,0.0608447,0,0.311819,0,0,0,0,0,0,-0.00167012,0.0424815,0.00968164,0,0.1375,-0.111719,-0.0807028,-0.004725,0.0217647,0.0386719,0,0,
0.026,0.0319355,0.00148097,0.441195,0.0273568,0.00267035,0.124779,0.00142271,-0.00220818,-0.000916543,0.0249457,-0.310237,-0.027482,0.0367041,0.00152419,0.436513,0.0669439,0,0.321805,0,0,0,0,0,0,-0.00167011,0.0476546,0.0117387,0,0.148179,-0.120396,-0.0906811,-0.004725,0.0217647,0.0416754,0,0,
0.027,0.0319667,0.00148414,0.441323,0.0300868,0.00263998,0.133607,0.001446,-0.00253958,-0.000943183,0.0229776,-0.331417,-0.0265844,0.0367742,0.00152419,0.43684,0.0734077,0,0.331537,0,0,0,0,0,0,-0.00167011,0.0531542,0.0139613,0,0.159214,-0.129361,-0.101303,-0.004725,0.0217647,0.0447788,0,0,
0.028,0.0320007,0.00148718,0.441459,0.0329402,0.00252277,0.142474,0.00146745,-0.00289172,-0.000968985,0.0211118,-0.352162,-0.0257444,0.036851,0.00152419,0.437176,0.0802398,0,0.341004,0,0,0,0,0,0,-0.00167011,0.0589821,0.0163455,0,0.170598,-0.138611,-0.112562,-0.004725,0.0217647,0.0479808,0,0,
0.029,0.0320379,0.00148998,0.441604,0.0359222,0.00231322,0.151365,0.00148716,-0.0032641,-0.000994004,0.0193457,-0.372395,-0.0249585,0.0369348,0.00152419,0.437522,0.0874427,0,0.350196,0,0,0,0,0,0,-0.00167011,0.06514,0.0188862,0,0.182329,-0.148142,-0.12445,-0.004725,0.0217647,0.05128,0,0,
0.03,0.0320782,0.00149246,0.441758,0.0390356,0.00200571,0.160263,0.00150523,-0.00365612,-0.00101829,0.0176757,-0.392045,-0.0242239,0.037026,0.00152419,0.437876,0.0950184,0,0.359102,0,0,0,0,0,0,-0.00167011,0.071629,0.0215783,0,0.1944,-0.15795,-0.136959,-0.004725,0.0217647,0.054675,0,0,
0.031,0.0321219,0.00149451,0.44192,0.0422868,0.00159445,0.169152,0.00152175,-0.00406715,-0.00104189,0.0160991,-0.411041,-0.0235375,0.037125,0.00152419,0.43824,0.102968,0,0.36771,0,0,0,0,0,0,-0.00167011,0.0784501,0.0244159,0,0.206807,-0.168031,-0.150078,-0.00472499,0.0217647,0.0581645,0,0,
0.032,0.032169,0.00149603,0.442091,0.045678,0.00107353,0.178016,0.00153682,-0.00449645,-0.00106485,0.0146135,-0.429318,-0.0228964,0.0372321,0.00152419,0.438612,0.111291,0,0.37601,0,0,0,0,0,0,-0.0016701,0.0856042,0.0273927,0,0.219546,-0.178381,-0.163797,-0.00472499,0.0217647,0.0617472,0,0,
0.033,0.0322197,0.00149689,0.44227,0.0492159,0.000436899,0.186841,0.00155051,-0.00494325,-0.00108722,0.0132157,-0.446812,-0.0222982,0.0373477,0.00152419,0.438992,0.119987,0,0.383989,0,0,0,0,0,0,-0.0016701,0.0930918,0.0305021,0,0.23261,-0.188996,-0.178105,-0.00472499,0.0217647,0.0654217,0,0,
0.034,0.0322742,0.00149698,0.442458,0.0529026,-0.000321591,0.195611,0.00156293,-0.0054067,-0.00110902,0.0119038,-0.463464,-0.0217402,0.0374722,0.00152419,0.43938,0.129055,0,0.391635,0,0,0,0,0,0,-0.0016701,0.100913,0.0337369,0,0.245997,-0.199872,-0.192987,-0.00472499,0.0217647,0.0691866,0,0,
0.035,0.0323326,0.00149617,0.442654,0.0567439,-0.00120834,0.204312,0.00157414,-0.0058859,-0.0011303,0.0106758,-0.479216,-0.02122,0.0376059,0.00152419,0.439775,0.138491,0,0.398935,0,0,0,0,0,0,-0.0016701,0.109069,0.0370894,0,0.2597,-0.211006,-0.20843,-0.00472499,0.0217647,0.0730406,0,0,
0.036,0.0323951,0.00149433,0.442858,0.0607909,-0.00222945,0.212923,0.00158423,-0.00637974,-0.0011511,0.00953032,-0.493847,-0.0207321,0.0377493,0.00152419,0.440177,0.148293,0,0.405877,0,0,0,0,0,0,-0.0016701,0.117553,0.0405356,0,0.273715,-0.222394,-0.224377,-0.00472499,0.0217647,0.0769824,0,0,
0.037,0.0324618,0.00149131,0.443071,0.0649983,-0.00339456,0.221436,0.00159329,-0.00688706,-0.00117143,0.00846616,-0.507332,-0.0202742,0.0379026,0.00152419,0.440587,0.158455,0,0.412449,0,0,0,0,0,0,-0.0016701,0.126363,0.0440503,0,0.288038,-0.234031,-0.240767,-0.00472499,0.0217647,0.0810106,0,0,
0.038,0.032533,0.00148696,0.443292,0.0693667,-0.00471555,0.229842,0.00160139,-0.00740676,-0.00119133,0.00748464,-0.51971,-0.0198449,0.0380663,0.00152419,0.441002,0.168973,0,0.418637,0,0,0,0,0,0,-0.0016701,0.135493,0.0476114,0,0.302662,-0.245913,-0.257549,-0.00472499,0.0217647,0.0851238,0,0,
0.039,0.0326087,0.00148111,0.443522,0.0739043,-0.00620389,0.23813,0.00160861,-0.00793777,-0.00121083,0.00658728,-0.531014,-0.0194436,0.0382407,0.00152419,0.441424,0.179841,0,0.424429,0,0,0,0,0,0,-0.00167009,0.14494,0.0511998,0,0.317585,-0.258038,-0.274678,-0.00472499,0.0217647,0.0893207,0,0,
0.04,0.0326892,0.00147358,0.443759,0.0786208,-0.00787036,0.246286,0.00161505,-0.00847903,-0.00122996,0.00577452,-0.541266,-0.0190702,0.0384261,0.00152419,0.441851,0.191051,0,0.429812,0,0,0,0,0,0,-0.00167009,0.154701,0.0547985,0,0.3328,-0.2704,-0.292113,-0.00472499,0.0217647,0.0936,0,0,
0.041,0.0327746,0.00146419,0.444004,0.0835228,-0.00972494,0.254297,0.00162078,-0.0090295,-0.00124873,0.00504676,-0.550478,-0.018724,0.0386229,0.00152419,0.442283,0.202595,0,0.434772,0,0,0,0,0,0,-0.00167009,0.164773,0.0583929,0,0.348303,-0.282996,-0.309822,-0.00472499,0.0217647,0.0979603,0,0,
0.042,0.032865,0.00145274,0.444256,0.0886171,-0.0117769,0.262148,0.00162588,-0.00958814,-0.00126718,0.0044039,-0.558653,-0.0184043,0.0388314,0.00152419,0.44272,0.214464,0,0.439298,0,0,0,0,0,0,-0.00167009,0.175154,0.0619704,0,0.36409,-0.295823,-0.327778,-0.00472499,0.0217647,0.1024,0,0,
0.043,0.0329608,0.00143903,0.444517,0.0939081,-0.0140347,0.269827,0.00163045,-0.0101539,-0.00128534,0.00384443,-0.565785,-0.0181105,0.0390519,0.00152419,0.443162,0.226648,0,0.443375,0,0,0,0,0,0,-0.00167009,0.185844,0.0655202,0,0.380154,-0.308875,-0.345957,-0.00472499,0.0217647,0.106918,0,0,
0.044,0.033062,0.00142284,0.444785,0.0993998,-0.016506,0.277317,0.00163456,-0.0107258,-0.00130322,0.00336837,-0.571863,-0.017841,0.0392848,0.00152419,0.443607,0.239138,0,0.446993,0,0,0,0,0,0,-0.00167009,0.19684,0.0690329,0,0.396493,-0.32215,-0.364339,-0.00472499,0.0217647,0.111514,0,0,
0.045,0.0331689,0.00140396,0.44506,0.105091,-0.019185,0.284615,0.00163791,-0.0113031,-0.00132096,0.00259428,-0.577308,-0.0176964,0.0395303,0.00152419,0.444055,0.25192,0,0.450138,0,0,0,0,0,0,-0.00167008,0.208141,0.0725011,0,0.4131,-0.335644,-0.382909,-0.00472499,0.0217647,0.116184,0,0,
0.046,0.0332817,0.00138219,0.445342,0.111051,-0.0220755,0.29177,0.00164019,-0.0118847,-0.00133862,0.00151006,-0.5816,-0.0176364,0.0397888,0.00152419,0.444507,0.264983,0,0.452797,0,0,0,0,0,0,-0.00167008,0.21974,0.075914,0,0.429971,-0.349352,-0.401643,-0.00472499,0.0217647,0.120929,0,0,
0.047,0.0334007,0.00135731,0.445631,0.117215,-0.0251817,0.298682,0.00164112,-0.0124694,-0.00135628,0.000140295,-0.584681,-0.0176502,0.0400604,0.00152419,0.444961,0.278313,0,0.454961,0,0,0,0,0,0,-0.00167008,0.231626,0.0792625,0,0.447102,-0.36327,-0.42052,-0.00472499,0.0217647,0.125747,0,0,
0.048,0.033526,0.0013291,0.445926,0.123586,-0.0285081,0.30534,0.00164042,-0.0130559,-0.00137401,-0.00150169,-0.586503,-0.0177353,0.0403455,0.00152419,0.445417,0.291895,0,0.456616,0,0,0,0,0,0,-0.00167008,0.243791,0.0825387,0,0.464486,-0.377395,-0.439523,-0.00472499,0.0217647,0.130637,0,0,
0.049,0.0336578,0.00129734,0.446228,0.130159,-0.0320584,0.311727,0.00163783,-0.0136429,-0.00139186,-0.00340166,-0.587016,-0.0178892,0.0406442,0.00152419,0.445874,0.305716,0,0.457751,0,0,0,0,0,0,-0.00167007,0.256226,0.0857361,0,0.482121,-0.391723,-0.458639,-0.00472499,0.0217647,0.135596,0,0,
0.05,0.0337962,0.00126189,0.446536,0.136827,-0.0357431,0.317479,0.00163012,-0.0142329,-0.00141106,-0.00853349,-0.590044,-0.0193104,0.040957,0.00152419,0.446332,0.319758,0,0.458357,0,0,0,0,0,0,-0.00167007,0.268928,0.0888499,0,0.5,-0.40625,-0.477858,-0.00472499,0.0217647,0.140625,0,0,
0.051,0.0339413,0.00122275,0.446848,0.143561,-0.0394699,0.322101,0.00161102,-0.0148324,-0.00143407,-0.0199587,-0.599439,-0.0232831,0.0412838,0.00152419,0.44679,0.334005,0,0.458422,0,0,0,0,0,0,-0.00166916,0.281897,0.0918766,0,0.518119,-0.420972,-0.49717,-0.00472499,0.0217647,0.145721,0,0,
0.052,0.0340932,0.00118,0.447164,0.150381,-0.043126,0.325175,0.00157048,-0.0154504,-0.00146469,-0.0414268,-0.617942,-0.0312309,0.041625,0.00152419,0.447249,0.348441,0,0.457937,0,0,0,0,0,0,-0.0016589,0.295137,0.0948129,0,0.536474,-0.435885,-0.516569,-0.004725,0.0217647,0.150883,0,0,
0.053,0.0342521,0.00113381,0.44748,0.157295,-0.0466431,0.327234,0.00150287,-0.0160912,-0.00150474,-0.0685511,-0.640694,-0.0411192,0.0419808,0.00152419,0.447706,0.363045,0,0.456893,0,0,0,0,0,0,-0.00163452,0.308647,0.0976568,0,0.555058,-0.450985,-0.536047,-0.004725,0.0217647,0.15611,0,0,
0.054,0.0344177,0.00108412,0.447799,0.16419,-0.0502053,0.32927,0.00141073,-0.0167501,-0.00155324,-0.0931406,-0.658714,-0.050015,0.0423512,0.00152419,0.448162,0.3778,0,0.455281,0,0,0,0,0,0,-0.00159752,0.322416,0.100406,0,0.573869,-0.466268,-0.555602,-0.00472501,0.0217647,0.161401,0,0,
0.055,0.03459,0.00103086,0.44812,0.170835,-0.0538219,0.33161,0.0012967,-0.0174219,-0.00160923,-0.115069,-0.671654,-0.0579371,0.0427364,0.00152419,0.448617,0.392686,0,0.453093,0,0,0,0,0,0,-0.00154963,0.336433,0.103057,0,0.5929,-0.481731,-0.575231,-0.00472502,0.0217647,0.166753,0,0,
0.056,0.0347686,0.000973954,0.448444,0.177194,-0.0575081,0.334346,0.00116361,-0.0181015,-0.00167171,-0.134192,-0.679349,-0.0648409,0.0431366,0.00152419,0.449068,0.407683,0,0.450323,0,0,0,0,0,0,-0.00149273,0.350686,0.105609,0,0.612147,-0.49737,-0.594935,-0.00472503,0.0217647,0.172166,0,0,
0.057,0.0349532,0.000913332,0.448771,0.183256,-0.0612644,0.337503,0.00101435,-0.0187834,-0.00173961,-0.150396,-0.681672,-0.0706594,0.0435518,0.00152419,0.449517,0.422769,0,0.446963,0,0,0,0,0,0,-0.00142885,0.365166,0.10806,0,0.631606,-0.51318,-0.614715,-0.00472504,0.0217647,0.177639,0,0,
0.058,0.0351435,0.000848915,0.449102,0.189018,-0.0650873,0.341083,0.000851938,-0.0194622,-0.00181183,-0.163584,-0.678503,-0.0753197,0.0439821,0.00152419,0.449962,0.437923,0,0.443009,0,0,0,0,0,0,-0.00136019,0.379861,0.11041,0,0.65127,-0.529157,-0.634575,-0.00472504,0.0217647,0.18317,0,0,
0.059,0.0353391,0.00078063,0.449436,0.194479,-0.0689728,0.345083,0.000679475,-0.0201322,-0.00188716,-0.173668,-0.669724,-0.0787485,0.0444277,0.00152419,0.450403,0.453124,0,0.438454,0,0,0,0,0,0,-0.00128906,0.394761,0.112658,0,0.671137,-0.545299,-0.654516,-0.00472505,0.0217647,0.188757,0,0,
0.06,0.0355398,0.000708409,0.449776,0.199635,-0.0729171,0.349506,0.000500137,-0.0207878,-0.00196437,-0.180563,-0.655213,-0.0808733,0.0448884,0.00152419,0.450839,0.468348,0,0.433296,0,0,0,0,0,0,-0.00121793,0.409855,0.114802,0,0.6912,-0.5616,-0.674545,-0.00472505,0.0217647,0.1944,0,0,
0.061,0.0357451,0.000632185,0.450121,0.204486,-0.0769166,0.354349,0.000317176,-0.021423,-0.00204213,-0.184192,-0.634846,-0.0816228,0.0453644,0.00152419,0.451269,0.483572,0,0.42753,0,0,0,0,0,0,-0.00114937,0.425133,0.116843,0,0.711455,-0.578057,-0.694664,-0.00472506,0.0217647,0.200097,0,0,
0.062,0.0359548,0.000551895,0.450472,0.208968,-0.0809684,0.359658,0.000133917,-0.0220323,-0.00211908,-0.184483,-0.608904,-0.080929,0.0458555,0.00152419,0.451694,0.498774,0,0.421156,0,0,0,0,0,0,-0.00108609,0.440573,0.118755,0,0.731898,-0.594667,-0.714812,-0.00472506,0.0217647,0.205846,0,0,
0.063,0.0361685,0.000467476,0.450829,0.213124,-0.0850706,0.36542,-4.62823e-05,-0.0226101,-0.00219379,-0.1814,-0.577428,-0.0787337,0.0463619,0.00152419,0.452111,0.513929,0,0.414171,0,0,0,0,0,0,-0.00103087,0.456154,0.120511,0,0.752522,-0.611424,-0.734919,-0.00472506,0.0217647,0.211647,0,0,
0.064,0.0363858,0.000378865,0.451193,0.216958,-0.0892218,0.371638,-0.00022002,-0.0231508,-0.00226479,-0.174897,-0.540344,-0.0749755,0.0468834,0.00152419,0.452522,0.529013,0,0.406576,0,0,0,0,0,0,-0.000986584,0.471853,0.122088,0,0.773325,-0.628326,-0.754924,-0.00472506,0.0217647,0.217498,0,0,
0.065,0.0366064,0.000286076,0.451564,0.220383,-0.0933537,0.378112,-0.000385707,-0.0236511,-0.00233133,-0.166791,-0.499847,-0.0704182,0.0474199,0.00152419,0.452924,0.544002,0,0.398371,0,0,0,0,0,0,-0.000954571,0.487652,0.123462,0,0.7943,-0.645369,-0.774771,-0.00472506,0.0217647,0.223397,0,0,
0.066,0.0368297,0.000189191,0.451942,0.223362,-0.0974029,0.384544,-0.000543706,-0.0241099,-0.0023935,-0.159037,-0.458436,-0.0659404,0.0479713,0.00152419,0.453318,0.558872,0,0.389558,0,0,0,0,0,0,-0.000934376,0.503535,0.124613,0,0.815443,-0.662548,-0.794405,-0.00472506,0.0217647,0.229343,0,0,
0.067,0.0370554,8.82846e-05,0.452327,0.225956,-0.101379,0.39084,-0.000694282,-0.0245264,-0.00245136,-0.15154,-0.41611,-0.0615254,0.0485376,0.00152419,0.453703,0.573597,0,0.38014,0,0,0,0,0,0,-0.000925579,0.519486,0.12552,0,0.83675,-0.679859,-0.813776,-0.00472506,0.0217647,0.235336,0,0,
0.068,0.0372831,-1.65529e-05,0.45272,0.22816,-0.105266,0.396966,-0.000838117,-0.0248995,-0.00250512,-0.144715,-0.372834,-0.0573171,0.0491185,0.00152419,0.454078,0.588152,0,0.370121,0,0,0,0,0,0,-0.00092557,0.535492,0.126166,0,0.858214,-0.697299,-0.832834,-0.00472506,0.0217647,0.241373,0,0,
0.069,0.0375123,-0.000125203,0.453119,0.229963,-0.109038,0.402904,-0.000977066,-0.0252285,-0.00255539,-0.139737,-0.328574,-0.0537503,0.0497138,0.00152419,0.454443,0.602513,0,0.359506,0,0,0,0,0,0,-0.000925568,0.551536,0.126532,0,0.879833,-0.714864,-0.851536,-0.00472506,0.0217647,0.247453,0,0,
0.07,0.0377427,-0.000237644,0.453524,0.231351,-0.112786,0.408655,-0.00111118,-0.0255121,-0.00260218,-0.134806,-0.283328,-0.0501866,0.0503234,0.00152419,0.454797,0.616656,0,0.3483,0,0,0,0,0,0,-0.000925566,0.567605,0.126601,0,0.9016,-0.73255,-0.869839,-0.00472506,0.0217647,0.253575,0,0,
0.071,0.037974,-0.000353791,0.453937,0.23245,-0.11645,0.414364,-0.00124058,-0.0257498,-0.00264549,-0.129976,-0.23735,-0.0466269,0.0509471,0.00152419,0.45514,0.630554,0,0.336512,0,0,0,0,0,0,-0.000925565,0.583694,0.126392,0,0.923511,-0.750353,-0.887774,-0.00472506,0.0217647,0.259738,0,0,
0.072,0.0382055,-0.000473552,0.454355,0.232944,-0.120021,0.41968,-0.00136533,-0.0259406,-0.00268534,-0.12522,-0.190383,-0.0430714,0.0515844,0.00152419,0.45547,0.644183,0,0.32415,0,0,0,0,0,0,-0.000925563,0.599791,0.125884,0,0.945562,-0.768269,-0.905295,-0.00472506,0.0217647,0.265939,0,0,
0.073,0.0384369,-0.000596834,0.454779,0.233018,-0.123499,0.424798,-0.00148553,-0.0260834,-0.00272173,-0.120543,-0.142471,-0.0395184,0.0522353,0.00152419,0.455788,0.65752,0,0.311223,0,0,0,0,0,0,-0.000925562,0.615881,0.125061,0,0.967746,-0.786294,-0.922359,-0.00472506,0.0217647,0.272179,0,0,
0.074,0.0386676,-0.000723539,0.45521,0.232644,-0.12688,0.42968,-0.00160125,-0.0261773,-0.00275467,-0.11594,-0.093618,-0.035966,0.0528994,0.00152419,0.456092,0.670539,0,0.297741,0,0,0,0,0,0,-0.000925561,0.631949,0.123906,0,0.990061,-0.804424,-0.938925,-0.00472506,0.0217647,0.278455,0,0,
0.075,0.0388973,-0.000853569,0.455645,0.231815,-0.13016,0.434314,-0.00171258,-0.0262214,-0.00278417,-0.111409,-0.0438359,-0.0324129,0.0535763,0.00152419,0.456383,0.683217,0,0.283717,0,0,0,0,0,0,-0.00092556,0.647983,0.122403,0,1.0125,-0.822656,-0.954957,-0.00472507,0.0217647,0.284766,0,0,
0.076,0.0391255,-0.000986818,0.456087,0.23053,-0.133337,0.43869,-0.00181958,-0.0262149,-0.00281022,-0.106946,0.00685586,-0.0288583,0.0542657,0.00152419,0.45666,0.695529,0,0.269164,0,0,0,0,0,0,-0.000925559,0.663968,0.120539,0,1.03506,-0.840986,-0.970419,-0.00472507,0.0217647,0.29111,0,0,
0.077,0.0393517,-0.00112318,0.456533,0.228783,-0.136407,0.442794,-0.00192233,-0.0261567,-0.00283283,-0.102551,0.0584314,-0.0253018,0.0549672,0.00152419,0.456921,0.707454,0,0.254094,0,0,0,0,0,0,-0.000925558,0.679893,0.118299,0,1.05773,-0.859409,-0.985282,-0.00472507,0.0217647,0.297488,0,0,
0.078,0.0395755,-0.00126255,0.456984,0.226577,-0.139366,0.446612,-0.0020209,-0.0260462,-0.002852,-0.0982209,0.110858,-0.0217433,0.0556805,0.00152419,0.457168,0.718969,0,0.238524,0,0,0,0,0,0,-0.000925558,0.695747,0.115671,0,1.08052,-0.877921,-0.999515,-0.00472507,0.0217647,0.303896,0,0,
0.079,0.0397963,-0.00140469,0.457439,0.2239,-0.14209,0.450155,-0.00211582,-0.0258829,-0.00286769,-0.0944224,0.163533,-0.0181528,0.056405,0.00152419,0.457398,0.73005,0,0.22247,0,0,0,0,0,0,-0.000925557,0.711518,0.112644,0,1.10341,-0.89652,-1.01309,-0.00472507,0.0217647,0.310334,0,0,
0.08,0.0400138,-0.00154938,0.457899,0.22076,-0.144596,0.453395,-0.00220751,-0.0256666,-0.00287987,-0.0910337,0.216542,-0.0145427,0.0571404,0.00152419,0.457612,0.740678,0,0.205947,0,0,0,0,0,0,-0.000925557,0.727197,0.109206,0,1.1264,-0.9152,-1.02598,-0.00472507,0.0217647,0.3168,0,0,
0.081,0.0402275,-0.00169649,0.458362,0.217171,-0.14697,0.456306,-0.00229601,-0.0253966,-0.00288855,-0.0876981,0.270275,-0.010935,0.0578862,0.00152419,0.45781,0.75083,0,0.188976,0,0,0,0,0,0,-0.000925556,0.742773,0.105349,0,1.14949,-0.933958,-1.03817,-0.00472507,0.0217647,0.323293,0,0,
0.082,0.0404369,-0.0018459,0.45883,0.21313,-0.149209,0.458884,-0.00238141,-0.0250722,-0.00289372,-0.0844274,0.324681,-0.00732579,0.0586419,0.00152419,0.45799,0.760487,0,0.171574,0,0,0,0,0,0,-0.000925556,0.758239,0.101061,0,1.17267,-0.952791,-1.04964,-0.00472507,0.0217647,0.329812,0,0,
0.083,0.0406417,-0.00199746,0.4593,0.20865,-0.151311,0.461118,-0.00246375,-0.0246927,-0.00289538,-0.0812209,0.3797,-0.00371633,0.059407,0.00152419,0.458153,0.76963,0,0.153762,0,0,0,0,0,0,-0.000925556,0.773586,0.0963358,0,1.19593,-0.971693,-1.06037,-0.00472508,0.0217647,0.336355,0,0,
0.084,0.0408413,-0.00215103,0.459774,0.203732,-0.153274,0.462995,-0.00254311,-0.0242576,-0.00289355,-0.0780764,0.435275,-0.000108299,0.060181,0.00152419,0.458298,0.77824,0,0.135562,0,0,0,0,0,0,-0.000925556,0.788807,0.0911647,0,1.21928,-0.990662,-1.07034,-0.00472508,0.0217647,0.342922,0,0,
0.085,0.0410353,-0.00230647,0.460249,0.198391,-0.155096,0.464504,-0.00261955,-0.0237665,-0.00288822,-0.0749917,0.491342,0.00349654,0.0609633,0.00152419,0.458424,0.7863,0,0.116994,0,0,0,0,0,0,-0.000925557,0.803895,0.0855411,0,1.2427,-1.00969,-1.07953,-0.00472508,0.0217647,0.349509,0,0,
0.086,0.0412235,-0.00246365,0.460728,0.192633,-0.156779,0.465638,-0.00269311,-0.0232189,-0.00287939,-0.071965,0.547839,0.00709633,0.0617534,0.00152419,0.458531,0.793793,0,0.0980816,0,0,0,0,0,0,-0.000925557,0.818846,0.0794585,0,1.2662,-1.02878,-1.08795,-0.00472508,0.0217647,0.356117,0,0,
0.087,0.0414052,-0.00262242,0.461207,0.18647,-0.158319,0.466383,-0.00276386,-0.0226144,-0.00286708,-0.0689945,0.604699,0.0106891,0.0625507,0.00152419,0.45862,0.800702,0,0.0788487,0,0,0,0,0,0,-0.000925558,0.833653,0.0729116,0,1.28976,-1.04793,-1.09558,-0.00472508,0.0217647,0.362744,0,0,
0.088,0.0415803,-0.00278264,0.461689,0.179915,-0.159718,0.466732,-0.00283185,-0.0219527,-0.0028513,-0.0660785,0.661856,0.0142727,0.0633546,0.00152419,0.458689,0.807015,0,0.0593195,0,0,0,0,0,0,-0.000925558,0.848314,0.0658955,0,1.31338,-1.06712,-1.1024,-0.00472508,0.0217647,0.369389,0,0,
0.089,0.0417485,-0.00294428,0.462171,0.173291,-0.161087,0.466986,-0.00289718,-0.0212338,-0.00283207,-0.0632747,0.719086,0.0178134,0.0641645,0.00152419,0.458738,0.812716,0,0.0395191,0,0,0,0,0,0,-0.000925559,0.862826,0.0584105,0,1.33706,-1.08637,-1.10843,-0.00472509,0.0217647,0.376049,0,0,
0.09,0.04191,-0.00310735,0.462655,0.166642,-0.162463,0.467291,-0.00295996,-0.0204576,-0.00280946,-0.0605777,0.776431,0.0213033,0.0649798,0.00152419,0.458768,0.817794,0,0.0194732,0,0,0,0,0,0,-0.00092556,0.877186,0.0504583,0,1.3608,-1.10565,-1.11367,-0.00472509,0.0217647,0.382725,0,0,
0.091,0.0420645,-0.00327186,0.463141,0.159945,-0.163847,0.467673,-0.00302029,-0.0196239,-0.00278352,-0.0579846,0.83387,0.024736,0.0657999,0.00152419,0.458777,0.822237,0,-0.00079185,0,0,0,0,0,0,-0.000925561,0.891395,0.042041,0,1.38458,-1.12497,-1.11811,-0.00472509,0.0217647,0.389414,0,0,
0.092,0.0422122,-0.0034378,0.463627,0.153207,-0.165237,0.468126,-0.00307826,-0.0187327,-0.0027543,-0.0554941,0.891329,0.028108,0.0666241,0.00152419,0.458766,0.826035,0,-0.0212491,0,0,0,0,0,0,-0.000925562,0.90545,0.0331608,0,1.40841,-1.14433,-1.12177,-0.00472509,0.0217647,0.396115,0,0,
0.093,0.042353,-0.00360519,0.464116,0.146432,-0.166632,0.468638,-0.00313397,-0.0177841,-0.00272186,-0.0531015,0.948733,0.0314192,0.0674518,0.00152419,0.458735,0.829178,0,-0.0418711,0,0,0,0,0,0,-0.000925563,0.919353,0.0238202,0,1.43227,-1.16372,-1.12466,-0.00472509,0.0217647,0.402827,0,0,
0.094,0.0424869,-0.00377403,0.464606,0.13963,-0.16803,0.469195,-0.0031875,-0.0167782,-0.00268626,-0.0508015,1.00601,0.0346708,0.0682822,0.00152419,0.458683,0.83166,0,-0.06263,0,0,0,0,0,0,-0.000925564,0.933103,0.0140218,0,1.45617,-1.18314,-1.12677,-0.00472509,0.0217647,0.409549,0,0,
0.095,0.0426137,-0.00394432,0.465097,0.132807,-0.16943,0.469781,-0.00323893,-0.0157153,-0.00264756,-0.0485892,1.06311,0.0378642,0.0691149,0.00152419,0.458609,0.833474,0,-0.0834976,0,0,0,0,0,0,-0.000925566,0.946702,0.00376837,0,1.4801,-1.20258,-1.12812,-0.0047251,0.0217647,0.416278,0,0,
0.096,0.0427337,-0.00411606,0.46559,0.125971,-0.17083,0.470385,-0.00328834,-0.0145954,-0.00260582,-0.0464597,1.11995,0.0410005,0.069949,0.00152419,0.458516,0.834615,0,-0.104445,0,0,0,0,0,0,-0.000925567,0.960152,-0.0069373,0,1.50405,-1.22204,-1.12871,-0.0047251,0.0217647,0.423014,0,0,
0.097,0.0428468,-0.00428924,0.466085,0.11924,-0.172228,0.470809,-0.00333581,-0.0134179,-0.00256107,-0.0444235,1.17763,0.044077,0.0707839,0.00152419,0.458401,0.835078,0,-0.125444,0,0,0,0,0,0,-0.000925569,0.973487,-0.0180388,0,1.52802,-1.24152,-1.12871,-0.0047251,0.0217647,0.429756,0,0,
0.098,0.0429529,-0.00446386,0.466581,0.112385,-0.173625,0.471408,-0.00338141,-0.0121829,-0.00251339,-0.0424595,1.23513,0.0471039,0.0716189,0.00152419,0.458265,0.834861,0,-0.146465,0,0,0,0,0,0,-0.000925571,0.986707,-0.0295366,0,1.55201,-1.26101,-1.12812,-0.0047251,0.0217647,0.436502,0,0,
0.099,0.043052,-0.00463994,0.467079,0.105523,-0.175023,0.472028,-0.00342519,-0.0108908,-0.0024628,-0.0405623,1.29217,0.0500832,0.0724534,0.00152419,0.458108,0.833963,0,-0.16748,0,0,0,0,0,0,-0.000925573,0.999808,-0.0414373,0,1.576,-1.2805,-1.12691,-0.0047251,0.0217647,0.44325,0,0,
0.1,0.0431442,-0.00481745,0.467579,0.0986617,-0.17642,0.472644,-0.0034672,-0.00954223,-0.00240935,-0.0387285,1.34871,0.0530152,0.0732866,0.00152419,0.45793,0.832384,0,-0.188458,0,0,0,0,0,0,-0.000925575,1.01279,-0.0537463,0,1.6,-1.3,-1.12508,-0.00472511,0.0217647,0.45,0,0,
0.101,0.0432295,-0.00499641,0.46808,0.0918049,-0.177816,0.473245,-0.00350751,-0.00813757,-0.0023531,-0.0369552,1.40476,0.0559002,0.0741179,0.00152419,0.457731,0.830125,0,-0.209371,0,0,0,0,0,0,-0.000925577,1.02565,-0.0664675,0,1.624,-1.3195,-1.1226,-0.00472511,0.0217647,0.45675,0,0,
0.102,0.0433078,-0.00517681,0.468582,0.0849516,-0.17921,0.47383,-0.00354614,-0.00667738,-0.00229407,-0.0352392,1.46027,0.0587385,0.0749466,0.00152419,0.457511,0.827189,0,-0.230189,0,0,0,0,0,0,-0.000925579,1.03839,-0.079604,0,1.64799,-1.33899,-1.11946,-0.00472511,0.0217647,0.463498,0,0,
0.103,0.0433792,-0.00535864,0.469087,0.0781111,-0.1806,0.474385,-0.00358315,-0.00516221,-0.00223232,-0.0335778,1.51525,0.0615305,0.075772,0.00152419,0.45727,0.823581,0,-0.250884,0,0,0,0,0,0,-0.000925581,1.051,-0.0931583,0,1.67198,-1.35848,-1.11566,-0.00472511,0.0217647,0.470244,0,0,
0.104,0.0434437,-0.00554191,0.469592,0.0712865,-0.181987,0.474901,-0.00361857,-0.00359264,-0.00216789,-0.0319683,1.56965,0.0642764,0.0765935,0.00152419,0.457009,0.819304,0,-0.271427,0,0,0,0,0,0,-0.000925584,1.0635,-0.107132,0,1.69595,-1.37796,-1.11119,-0.00472511,0.0217647,0.476986,0,0,
0.105,0.0435014,-0.0057266,0.470099,0.0644864,-0.18337,0.475379,-0.00365244,-0.00196925,-0.00210082,-0.0304082,1.62346,0.0669764,0.0774104,0.00152419,0.456728,0.814366,0,-0.291788,0,0,0,0,0,0,-0.000925587,1.07587,-0.121526,0,1.7199,-1.39742,-1.10604,-0.00472512,0.0217647,0.483722,0,0,
0.106,0.0435522,-0.00591271,0.470608,0.0577043,-0.184748,0.475805,-0.0036848,-0.00029266,-0.00203115,-0.0288951,1.67665,0.0696309,0.0782221,0.00152419,0.456426,0.808776,0,-0.311941,0,0,0,0,0,0,-0.000925589,1.08813,-0.136341,0,1.74383,-1.41686,-1.10022,-0.00472512,0.0217647,0.490451,0,0,
0.107,0.0435963,-0.00610024,0.471117,0.0509523,-0.18612,0.47618,-0.00371568,0.00143648,-0.00195893,-0.0274266,1.7292,0.0722402,0.0790278,0.00152419,0.456104,0.802541,0,-0.331856,0,0,0,0,0,0,-0.000925592,1.10028,-0.151578,0,1.76773,-1.43628,-1.09371,-0.00472512,0.0217647,0.497173,0,0,
0.108,0.0436336,-0.00628918,0.471628,0.04423,-0.187486,0.476496,-0.0037451,0.00321751,-0.00188419,-0.0260007,1.78109,0.0748045,0.0798269,0.00152419,0.455762,0.795673,0,-0.351507,0,0,0,0,0,0,-0.000925595,1.11233,-0.167238,0,1.79159,-1.45567,-1.08652,-0.00472512,0.0217647,0.503885,0,0,
0.109,0.0436642,-0.00647952,0.47214,0.0375415,-0.188846,0.476749,-0.0037731,0.00504976,-0.00180699,-0.0246153,1.83229,0.0773243,0.0806189,0.00152419,0.455401,0.788183,0,-0.370867,0,0,0,0,0,0,-0.000925598,1.12426,-0.183319,0,1.81542,-1.47503,-1.07864,-0.00472512,0.0217647,0.510586,0,0,
0.11,0.0436881,-0.00667126,0.472653,0.0308822,-0.1902,0.476939,-0.00379969,0.00693252,-0.00172734,-0.0232685,1.88281,0.0797999,0.0814031,0.00152419,0.45502,0.780083,0,-0.389909,0,0,0,0,0,0,-0.000925602,1.1361,-0.199823,0,1.8392,-1.49435,-1.07007,-0.00472513,0.0217647,0.517275,0,0,
0.111,0.0437055,-0.00686438,0.473167,0.024266,-0.191546,0.477059,-0.00382491,0.00886509,-0.00164531,-0.0219584,1.93261,0.0822316,0.0821789,0.00152419,0.454621,0.771389,0,-0.408608,0,0,0,0,0,0,-0.000925605,1.14785,-0.216751,0,1.86294,-1.51363,-1.06081,-0.00472513,0.0217647,0.523951,0,0,
0.112,0.0437162,-0.00705888,0.473682,0.0176856,-0.192886,0.477108,-0.00384877,0.0108468,-0.00156093,-0.0206832,1.9817,0.0846199,0.0829457,0.00152419,0.454203,0.762115,0,-0.426939,0,0,0,0,0,0,-0.000925609,1.1595,-0.234102,0,1.88662,-1.53288,-1.05086,-0.00472513,0.0217647,0.530611,0,0,
0.113,0.0437205,-0.00725476,0.474198,0.011144,-0.194218,0.477086,-0.0038713,0.0128768,-0.00147423,-0.0194414,2.03006,0.0869652,0.0837029,0.00152419,0.453767,0.752277,0,-0.444877,0,0,0,0,0,0,-0.000925612,1.17108,-0.251878,0,1.91024,-1.55207,-1.04022,-0.00472513,0.0217647,0.537256,0,0,
0.114,0.0437183,-0.007452,0.474715,0.00464065,-0.195543,0.476987,-0.0038925,0.0149545,-0.00138526,-0.0182314,2.0777,0.0892678,0.0844501,0.00152419,0.453314,0.741893,0,-0.462398,0,0,0,0,0,0,-0.000925616,1.18257,-0.270081,0,1.9338,-1.57122,-1.02889,-0.00472513,0.0217647,0.543883,0,0,
0.115,0.0437096,-0.00765059,0.475232,-0.00181608,-0.19686,0.476814,-0.0039124,0.017079,-0.00129405,-0.0170518,2.12461,0.091528,0.0851865,0.00152419,0.452843,0.73098,0,-0.479481,0,0,0,0,0,0,-0.00092562,1.19399,-0.288711,0,1.9573,-1.59031,-1.01685,-0.00472514,0.0217647,0.550491,0,0,
0.116,0.0436946,-0.00785054,0.475749,-0.00823432,-0.19817,0.476563,-0.00393101,0.0192498,-0.00120064,-0.0159012,2.1708,0.0937462,0.0859118,0.00152419,0.452355,0.719558,0,-0.496103,0,0,0,0,0,0,-0.000925625,1.20535,-0.307771,0,1.98072,-1.60934,-1.00411,-0.00472514,0.0217647,0.557078,0,0,
0.117,0.0436733,-0.00805182,0.476268,-0.01461,-0.199472,0.476233,-0.00394835,0.0214661,-0.00110507,-0.0147783,2.21626,0.0959227,0.0866255,0.00152419,0.451851,0.707647,0,-0.512243,0,0,0,0,0,0,-0.000925629,1.21665,-0.327264,0,2.00407,-1.62831,-0.990671,-0.00472514,0.0217647,0.563645,0,0,
0.118,0.0436458,-0.00825443,0.476786,-0.0209393,-0.200766,0.475824,-0.00396442,0.023727,-0.00100738,-0.013682,2.26101,0.0980576,0.087327,0.00152419,0.451331,0.695267,0,-0.527881,0,0,0,0,0,0,-0.000925633,1.22789,-0.347192,0,2.02733,-1.64721,-0.976516,-0.00472514,0.0217647,0.570188,0,0,
0.119,0.043612,-0.00845837,0.477305,-0.0271729,-0.202053,0.475429,-0.00397925,0.0260318,-0.000907593,-0.012615,2.3048,0.100151,0.0880159,0.00152419,0.450795,0.682441,0,-0.542999,0,0,0,0,0,0,-0.000925638,1.23909,-0.367548,0,2.05051,-1.66604,-0.961671,-0.00472514,0.0217647,0.576707,0,0,
0.12,0.0435725,-0.00866362,0.477825,-0.033079,-0.203335,0.475433,-0.00399286,0.0283783,-0.000805755,-0.0115946,2.34645,0.102208,0.0886917,0.00152419,0.450245,0.669191,0,-0.557578,0,0,0,0,0,0,-0.000925643,1.25027,-0.388256,0,2.0736,-1.6848,-0.946295,-0.00472515,0.0217647,0.5832,0,0,
0.121,0.0435272,-0.0088702,0.478345,-0.0389593,-0.20462,0.475355,-0.00400528,0.0307647,-0.000701878,-0.0106124,2.38644,0.104244,0.0893541,0.00152419,0.44968,0.65554,0,-0.571601,0,0,0,0,0,0,-0.000925648,1.26145,-0.409256,0,2.09659,-1.70348,-0.93052,-0.00472515,0.0217647,0.589666,0,0,
0.122,0.0434762,-0.0090781,0.478866,-0.0447912,-0.205912,0.47527,-0.00401652,0.0331899,-0.000595966,-0.00966148,2.42523,0.106272,0.0900027,0.00152419,0.449102,0.641512,0,-0.585053,0,0,0,0,0,0,-0.000925653,1.27265,-0.430492,0,2.11948,-1.72208,-0.914454,-0.00472515,0.0217647,0.596104,0,0,
0.123,0.0434194,-0.00928734,0.479387,-0.0506038,-0.207215,0.475209,-0.0040266,0.0356531,-0.000488011,-0.00873626,2.4632,0.108302,0.090637,0.00152419,0.44851,0.627131,0,-0.597918,0,0,0,0,0,0,-0.000925658,1.28387,-0.451917,0,2.14227,-1.74059,-0.898187,-0.00472515,0.0217647,0.602512,0,0,
0.124,0.0433569,-0.00949793,0.479909,-0.056427,-0.20853,0.475192,-0.00403552,0.0381538,-0.000377997,-0.00783215,2.50066,0.110343,0.0912568,0.00152419,0.447906,0.612421,0,-0.610183,0,0,0,0,0,0,-0.000925664,1.29512,-0.473488,0,2.16494,-1.75901,-0.881796,-0.00472516,0.0217647,0.60889,0,0,
0.125,0.0432886,-0.00970989,0.480432,-0.0622716,-0.20986,0.475233,-0.00404329,0.0406916,-0.000265904,-0.0069457,2.53786,0.112399,0.0918618,0.00152419,0.44729,0.597409,0,-0.621836,0,0,0,0,0,0,-0.00092567,1.3064,-0.495167,0,2.1875,-1.77734,-0.865342,-0.00472516,0.0217647,0.615234,0,0,
0.126,0.0432145,-0.00992323,0.480956,-0.0681649,-0.211205,0.475347,-0.0040499,0.0432666,-0.000151706,-0.00607434,2.57499,0.114475,0.0924516,0.00152419,0.446663,0.582119,0,-0.632865,0,0,0,0,0,0,-0.000925677,1.31771,-0.516918,0,2.20994,-1.79558,-0.848879,-0.00472516,0.0217647,0.621545,0,0,
0.127,0.0431345,-0.010138,0.481481,-0.0741374,-0.212567,0.475599,-0.00405538,0.0458784,-3.53827e-05,-0.00522319,2.61182,0.116568,0.0930259,0.00152419,0.446025,0.566578,0,-0.64326,0,0,0,0,0,0,-0.000925683,1.32905,-0.538686,0,2.23225,-1.81371,-0.832527,-0.00472516,0.0217647,0.627821,0,0,
0.128,0.0430486,-0.0103541,0.482006,-0.0801642,-0.213947,0.475947,-0.00405971,0.0485271,8.30967e-05,-0.00439093,2.64862,0.118684,0.0935846,0.00152419,0.445376,0.550812,0,-0.653011,0,0,0,0,0,0,-0.00092569,1.34043,-0.560415,0,2.25444,-1.83173,-0.816406,-0.00472517,0.0217647,0.634061,0,0,
0.129,0.0429566,-0.0105717,0.482533,-0.0862467,-0.215349,0.476388,-0.0040629,0.0512127,0.000203769,-0.00357401,2.68568,0.120831,0.0941275,0.00152419,0.444719,0.534847,0,-0.662111,0,0,0,0,0,0,-0.000925698,1.35185,-0.582054,0,2.27649,-1.84965,-0.800619,-0.00472517,0.0217647,0.640262,0,0,
0.13,0.0428586,-0.0107908,0.483061,-0.092396,-0.216772,0.476926,-0.00406495,0.0539359,0.000326674,-0.00276968,2.72321,0.123014,0.0946543,0.00152419,0.444052,0.51871,0,-0.670553,0,0,0,0,0,0,-0.000925705,1.36332,-0.60356,0,2.2984,-1.86745,-0.785251,-0.00472517,0.0217647,0.646425,0,0,
0.131,0.0427544,-0.0110113,0.483591,-0.0986344,-0.218217,0.477572,-0.00406585,0.0566973,0.000451857,-0.00197627,2.76134,0.125233,0.0951649,0.00152419,0.443378,0.502428,0,-0.678331,0,0,0,0,0,0,-0.000925713,1.37481,-0.624893,0,2.32017,-1.88514,-0.770376,-0.00472517,0.0217647,0.652547,0,0,
0.132,0.0426438,-0.0112334,0.484122,-0.105084,-0.219681,0.478112,-0.0040656,0.059498,0.00057936,-0.00118625,2.80072,0.127488,0.0956591,0.00152419,0.442696,0.486026,0,-0.685441,0,0,0,0,0,0,-0.000925722,1.38633,-0.646045,0,2.34179,-1.9027,-0.755995,-0.00472518,0.0217647,0.658627,0,0,
0.133,0.0425266,-0.0114569,0.484654,-0.111772,-0.22116,0.478482,-0.00406416,0.0623399,0.000709218,-0.000393009,2.84191,0.129771,0.0961369,0.00152419,0.442007,0.469532,0,-0.69188,0,0,0,0,0,0,-0.00092573,1.39786,-0.667042,0,2.36325,-1.92014,-0.742035,-0.00472518,0.0217647,0.664664,0,0,
0.134,0.0424027,-0.011682,0.485187,-0.118532,-0.222645,0.478954,-0.00406152,0.0652243,0.000841453,0.000396686,2.88442,0.132067,0.0965981,0.00152419,0.441312,0.452972,0,-0.697644,0,0,0,0,0,0,-0.000925739,1.40938,-0.687907,0,2.38456,-1.93745,-0.728431,-0.00472518,0.0217646,0.670657,0,0,
0.135,0.0422721,-0.0119086,0.485722,-0.12537,-0.224134,0.479473,-0.00405767,0.0681521,0.000976072,0.00117504,2.92779,0.134362,0.0970428,0.00152419,0.440612,0.436372,0,-0.702733,0,0,0,0,0,0,-0.000925748,1.42088,-0.70866,0,2.4057,-1.95463,-0.715129,-0.00472518,0.0217646,0.676603,0,0,
0.136,0.0421347,-0.0121368,0.486258,-0.132245,-0.225622,0.48,-0.00405262,0.0711237,0.00111307,0.00193452,2.97161,0.136645,0.0974709,0.00152419,0.439907,0.419759,0,-0.707147,0,0,0,0,0,0,-0.000925758,1.43237,-0.729318,0,2.42668,-1.97167,-0.70208,-0.00472519,0.0217646,0.682502,0,0,
0.137,0.0419905,-0.0123664,0.486795,-0.139137,-0.227106,0.480509,-0.00404637,0.0741392,0.00125243,0.00266806,3.01554,0.138905,0.0978823,0.00152419,0.439198,0.403158,0,-0.710887,0,0,0,0,0,0,-0.000925768,1.44382,-0.749895,0,2.44748,-1.98858,-0.689242,-0.00472519,0.0217646,0.688353,0,0,
0.138,0.0418396,-0.0125976,0.487333,-0.146027,-0.228582,0.480982,-0.00403895,0.0771985,0.00139413,0.00335642,3.05928,0.14114,0.0982772,0.00152419,0.438486,0.386594,0,-0.713955,0,0,0,0,0,0,-0.000925831,1.45524,-0.770406,0,2.4681,-2.00533,-0.676581,-0.00472519,0.0217646,0.694154,0,0,
0.139,0.041682,-0.0128303,0.487873,-0.152892,-0.230043,0.48139,-0.00403043,0.080301,0.00153816,0.00394239,3.10256,0.143366,0.0986555,0.00152419,0.43777,0.370094,0,-0.716353,0,0,0,0,0,0,-0.000926207,1.46663,-0.790863,0,2.48854,-2.02194,-0.664065,-0.0047252,0.0217646,0.699903,0,0,
0.14,0.0415177,-0.0130645,0.488414,-0.159719,-0.231492,0.481723,-0.00402091,0.0834462,0.00168452,0.0044218,3.14515,0.145576,0.0990174,0.00152419,0.437053,0.353681,0,-0.718085,0,0,0,0,0,0,-0.000927124,1.47798,-0.811274,0,2.5088,-2.0384,-0.651667,-0.0047252,0.0217646,0.7056,0,0,
0.141,0.0413467,-0.0133002,0.488956,-0.166494,-0.232926,0.48196,-0.00401047,0.086633,0.00183317,0.00479191,3.18685,0.147761,0.0993629,0.00152419,0.436334,0.33738,0,-0.719158,0,0,0,0,0,0,-0.000928791,1.48928,-0.831649,0,2.52886,-2.0547,-0.639365,-0.0047252,0.0217646,0.711243,0,0,
0.142,0.0411693,-0.0135373,0.489498,-0.173212,-0.234343,0.482101,-0.00399922,0.0898605,0.00198407,0.00505003,3.2275,0.149915,0.0996922,0.00152419,0.435615,0.321213,0,-0.719575,0,0,0,0,0,0,-0.000931397,1.50055,-0.851997,0,2.54873,-2.07084,-0.62714,-0.0047252,0.0217646,0.71683,0,0,
0.143,0.0409854,-0.0137758,0.490042,-0.179857,-0.235743,0.482127,-0.00398724,0.0931274,0.0021372,0.00519348,3.26694,0.152029,0.100005,0.00152419,0.434896,0.305206,0,-0.719344,0,0,0,0,0,0,-0.000935117,1.51178,-0.872324,0,2.56839,-2.08682,-0.614975,-0.00472521,0.0217646,0.722361,0,0,
0.144,0.0407951,-0.0140158,0.490586,-0.186422,-0.237122,0.482025,-0.00397465,0.0964324,0.00229249,0.00521928,3.30502,0.154099,0.100303,0.00152419,0.434177,0.289379,0,-0.718472,0,0,0,0,0,0,-0.000940108,1.52297,-0.892636,0,2.58785,-2.10263,-0.602857,-0.00472521,0.0217646,0.727834,0,0,
0.145,0.0405985,-0.0142571,0.49113,-0.192898,-0.238479,0.481794,-0.00396154,0.099774,0.00244989,0.00512372,3.34162,0.156117,0.100584,0.00152419,0.433459,0.273755,0,-0.716968,0,0,0,0,0,0,-0.000946512,1.53412,-0.912938,0,2.6071,-2.11827,-0.590773,-0.00472521,0.0217646,0.733247,0,0,
0.146,0.0403958,-0.0144998,0.491675,-0.199287,-0.239812,0.481426,-0.00394802,0.103151,0.00260934,0.00490229,3.37663,0.158077,0.10085,0.00152419,0.432743,0.258355,0,-0.71484,0,0,0,0,0,0,-0.000954461,1.54524,-0.933236,0,2.62613,-2.13373,-0.578713,-0.00472521,0.0217646,0.738599,0,0,
0.147,0.040187,-0.0147439,0.492219,-0.205572,-0.241121,0.48091,-0.00393422,0.106561,0.00277075,0.00454942,3.40995,0.159974,0.101101,0.00152419,0.432029,0.243199,0,-0.712098,0,0,0,0,0,0,-0.000964076,1.55633,-0.953533,0,2.64494,-2.14902,-0.566671,-0.00472522,0.0217646,0.74389,0,0,
0.148,0.0399722,-0.0149893,0.492764,-0.211752,-0.242403,0.480239,-0.00392027,0.110002,0.00293406,0.00405792,3.44148,0.1618,0.101337,0.00152419,0.431319,0.228307,0,-0.708752,0,0,0,0,0,0,-0.000975466,1.56738,-0.973833,0,2.66353,-2.16412,-0.554638,-0.00472522,0.0217646,0.749117,0,0,
0.149,0.0397516,-0.015236,0.493308,-0.21782,-0.243654,0.479409,-0.00390629,0.113473,0.00309917,0.00341867,3.47113,0.163548,0.101558,0.00152419,0.430612,0.213698,0,-0.704812,0,0,0,0,0,0,-0.000988736,1.57841,-0.99414,0,2.68188,-2.17903,-0.54261,-0.00472522,0.0217646,0.754279,0,0,
0.15,0.0395254,-0.0154839,0.493852,-0.223772,-0.244877,0.478409,-0.00389244,0.116972,0.00326597,0.00261982,3.4988,0.165213,0.101764,0.00152419,0.429909,0.19939,0,-0.700291,0,0,0,0,0,0,-0.00100399,1.58941,-1.01446,0,2.7,-2.19375,-0.530582,-0.00472522,0.0217646,0.759375,0,0,
0.151,0.0392935,-0.015733,0.494395,-0.229602,-0.246065,0.477235,-0.00387889,0.120496,0.00343436,0.00164667,3.5244,0.166786,0.101957,0.00152419,0.429212,0.1854,0,-0.695201,0,0,0,0,0,0,-0.00102131,1.60039,-1.03478,0,2.71788,-2.20828,-0.518552,-0.00472522,0.0217646,0.764404,0,0,
0.152,0.0390562,-0.0159833,0.494937,-0.235303,-0.247218,0.475875,-0.00386583,0.124044,0.00360422,0.000480109,3.54785,0.168259,0.102135,0.00152419,0.428519,0.171744,0,-0.689552,0,0,0,0,0,0,-0.00104081,1.61135,-1.05513,0,2.73551,-2.2226,-0.506516,-0.00472523,0.0217646,0.769363,0,0,
0.153,0.0388136,-0.0162347,0.495478,-0.240854,-0.248328,0.47432,-0.00385353,0.127613,0.00377538,-0.000960751,3.56895,0.169616,0.1023,0.00152419,0.427833,0.158438,0,-0.683359,0,0,0,0,0,0,-0.00106263,1.62229,-1.07548,0,2.7529,-2.23673,-0.494474,-0.00472523,0.0217646,0.774253,0,0,
0.154,0.038566,-0.0164872,0.496017,-0.246219,-0.249383,0.472529,-0.00384242,0.1312,0.00394764,-0.00284002,3.58738,0.170829,0.102452,0.00152419,0.427153,0.145497,0,-0.676634,0,0,0,0,0,0,-0.00108704,1.63323,-1.09586,0,2.77003,-2.25065,-0.482424,-0.00472523,0.0217646,0.779071,0,0,
0.155,0.0383134,-0.0167408,0.496555,-0.251376,-0.250377,0.470483,-0.00383309,0.134803,0.00412075,-0.0052826,3.6029,0.171872,0.102591,0.00152419,0.42648,0.132934,0,-0.669391,0,0,0,0,0,0,-0.00111438,1.64415,-1.11626,0,2.7869,-2.26436,-0.470366,-0.00472523,0.0217646,0.783816,0,0,
0.156,0.0380562,-0.0169952,0.49709,-0.256313,-0.2513,0.468124,-0.00382623,0.138419,0.00429439,-0.00842162,3.6153,0.172713,0.102718,0.00152419,0.425814,0.120763,0,-0.661643,0,0,0,0,0,0,-0.00114506,1.65508,-1.13667,0,2.80351,-2.27785,-0.4583,-0.00472523,0.0217646,0.788486,0,0,
0.157,0.0377947,-0.0172505,0.497623,-0.260957,-0.252148,0.465486,-0.00382274,0.142043,0.0044682,-0.0124177,3.62432,0.173317,0.102833,0.00152419,0.425156,0.108994,0,-0.653404,0,0,0,0,0,0,-0.00117956,1.66601,-1.15711,0,2.81985,-2.29112,-0.446226,-0.00472523,0.0217646,0.793082,0,0,
0.158,0.037529,-0.0175066,0.498153,-0.265386,-0.252896,0.462464,-0.00382369,0.145673,0.0046417,-0.017478,3.62965,0.173636,0.102936,0.00152419,0.424507,0.0976387,0,-0.644687,0,0,0,0,0,0,-0.00121848,1.67694,-1.17758,0,2.83591,-2.30418,-0.434147,-0.00472524,0.0217646,0.7976,0,0,
0.159,0.0372594,-0.0177633,0.498679,-0.269514,-0.253533,0.459054,-0.00383047,0.149304,0.00481431,-0.0238757,3.63092,0.173607,0.103028,0.00152419,0.423867,0.0867071,0,-0.635508,0,0,0,0,0,0,-0.00126254,1.68789,-1.19807,0,2.8517,-2.317,-0.422063,-0.00472524,0.0217646,0.80204,0,0,
0.16,0.0369864,-0.0180205,0.499202,-0.273326,-0.254032,0.455206,-0.00384486,0.152931,0.00498529,-0.0319944,3.6276,0.173142,0.10311,0.00152419,0.423237,0.0762082,0,-0.625879,0,0,0,0,0,0,-0.00131265,1.69887,-1.21859,0,2.8672,-2.3296,-0.409975,-0.00472524,0.0217646,0.8064,0,0,
0.161,0.0367101,-0.0182779,0.49972,-0.276792,-0.254358,0.450832,-0.00386918,0.15655,0.00515366,-0.0423773,3.619,0.172117,0.103181,0.00152419,0.422616,0.0661498,0,-0.615816,0,0,0,0,0,0,-0.00136999,1.70987,-1.23914,0,2.88242,-2.34196,-0.397886,-0.00472524,0.0217646,0.810679,0,0,
0.162,0.0364311,-0.0185356,0.500232,-0.279824,-0.254623,0.445799,-0.00390601,0.160156,0.00531796,-0.0552526,3.60513,0.170111,0.103242,0.00152419,0.422005,0.0565391,0,-0.605331,0,0,0,0,0,0,-0.00143525,1.72091,-1.25972,0,2.89734,-2.35409,-0.385798,-0.00472524,0.0217646,0.814876,0,0,
0.163,0.0361501,-0.0187942,0.500738,-0.282149,-0.255684,0.439789,-0.00395542,0.163747,0.00547559,-0.0681411,3.59096,0.165603,0.103294,0.00152419,0.421405,0.0473821,0,-0.59444,0,0,0,0,0,0,-0.00150481,1.73199,-1.28034,0,2.91196,-2.36597,-0.373711,-0.00472524,0.0217646,0.818989,0,0,
0.164,0.0358674,-0.0190542,0.501237,-0.284175,-0.257158,0.433363,-0.00401595,0.167325,0.00562525,-0.07956,3.57796,0.159635,0.103337,0.00152419,0.420816,0.038684,0,-0.583156,0,0,0,0,0,0,-0.00157519,1.74311,-1.30099,0,2.92628,-2.37761,-0.361624,-0.00472524,0.0217646,0.823018,0,0,
0.165,0.0355828,-0.0193157,0.50173,-0.286281,-0.258744,0.427101,-0.00408323,0.170895,0.00576773,-0.086654,3.5691,0.153796,0.103372,0.00152419,0.420239,0.0304488,0,-0.571492,0,0,0,0,0,0,-0.00164288,1.75427,-1.32169,0,2.9403,-2.38899,-0.349536,-0.00472524,0.0217646,0.826959,0,0,
0.166,0.0352964,-0.0195787,0.502216,-0.288497,-0.260394,0.421071,-0.00415177,0.174464,0.00590668,-0.0883487,3.56827,0.150736,0.103398,0.00152419,0.419673,0.0226797,0,-0.559462,0,0,0,0,0,0,-0.00170311,1.76546,-1.34245,0,2.954,-2.40013,-0.337442,-0.00472524,0.0217646,0.830813,0,0,
0.167,0.0350076,-0.0198431,0.502696,-0.291382,-0.261859,0.416878,-0.00422114,0.178036,0.00605073,-0.0896612,3.57218,0.156214,0.103417,0.00152419,0.41912,0.0153791,0,-0.547079,0,0,0,0,0,0,-0.00175253,1.77668,-1.36329,0,2.96739,-2.411,-0.325334,-0.00472524,0.0217646,0.834578,0,0,
0.168,0.0347169,-0.0201153,0.50319,-0.294146,-0.270104,0.437941,-0.00430698,0.181506,0.00616975,-0.105655,3.46904,0.134368,0.103429,0.00152419,0.418579,0.0085483,0,-0.534356,0,0,0,0,0,0,-0.00175253,1.78814,-1.38415,0,2.98045,-2.42162,-0.313349,-0.00472524,0.0217646,0.838253,0,0,
0.169,0.0344242,-0.0203833,0.503697,-0.297302,-0.265968,0.457903,-0.00405697,0.184906,0.00634247,0.224551,3.40179,0.127164,0.103435,0.00152419,0.418052,0.00218759,0,-0.521306,0,0,0,0,0,0,-0.00107334,1.79961,-1.40359,0,2.99319,-2.43197,-0.305353,-0.00777732,0.0217646,0.841835,0,0,
0.17,0.0341218,-0.0206161,0.504223,-0.30568,-0.22976,0.473674,-0.00422039,0.18786,0.00646607,-0.179505,2.95286,0.153883,0.103434,0.00152419,0.417537,-0.00370354,0,-0.507941,0,0,0,0,0,0,-0.00105422,1.81161,-1.42294,0,3.0056,-2.44205,-0.297217,-0.0096047,0.0217646,0.845325,0,0,
0.171,0.0338324,-0.0208628,0.504716,-0.29259,-0.244302,0.438929,-0.00451327,0.190755,0.00654139,-0.306462,2.89285,0.130435,0.103427,0.00152419,0.417036,-0.00912653,0,-0.494272,0,0,0,0,0,0,-0.00120159,1.82363,-1.44236,0,3.01767,-2.45186,-0.288709,-0.0108252,0.0217646,0.84872,0,0,
0.172,0.0335425,-0.0211122,0.505199,-0.293153,-0.247345,0.42737,-0.00485601,0.19365,0.00659735,-0.355441,2.89302,0.121436,0.103416,0.00152419,0.416548,-0.0140838,0,-0.480311,0,0,0,0,0,0,-0.00142649,1.83563,-1.46192,0,3.0294,-2.46139,-0.279805,-0.011664,0.0217646,0.852019,0,0,
0.173,0.0332511,-0.021363,0.505674,-0.294755,-0.248914,0.4196,-0.00523109,0.19655,0.00663827,-0.387152,2.89737,0.113634,0.103399,0.00152419,0.416075,-0.0185785,0,-0.466069,0,0,0,0,0,0,-0.0017037,1.84761,-1.48162,0,3.04079,-2.47064,-0.270549,-0.0122056,0.0217646,0.855221,0,0,
0.174,0.0329584,-0.0216149,0.506142,-0.296337,-0.250223,0.412373,-0.00562927,0.199452,0.00666658,-0.409694,2.89951,0.106633,0.103379,0.00152419,0.415616,-0.0226148,0,-0.451557,0,0,0,0,0,0,-0.00201712,1.85957,-1.50144,0,3.05182,-2.4796,-0.26099,-0.012509,0.0217646,0.858325,0,0,
0.175,0.0326643,-0.0218678,0.506603,-0.297859,-0.251305,0.405331,-0.00604484,0.202352,0.00668387,-0.426562,2.89666,0.100215,0.103354,0.00152419,0.415172,-0.0261978,0,-0.436783,0,0,0,0,0,0,-0.00235578,1.87153,-1.52137,0,3.0625,-2.48828,-0.251176,-0.0126182,0.0217646,0.861328,0,0,
0.176,0.032369,-0.0221215,0.507057,-0.299253,-0.252379,0.398335,-0.00647085,0.205242,0.00669124,-0.436515,2.88732,0.0935967,0.103326,0.00152419,0.414743,-0.0293333,0,-0.421758,0,0,0,0,0,0,-0.00270016,1.8835,-1.54138,0,3.07282,-2.49667,-0.241149,-0.0126182,0.0217646,0.86423,0,0,
0.177,0.0320726,-0.0223761,0.507503,-0.300476,-0.253358,0.391332,-0.00689991,0.208115,0.00668946,-0.439137,2.87025,0.0862612,0.103296,0.00152419,0.414329,-0.0320281,0,-0.406491,0,0,0,0,0,0,-0.00302606,1.89548,-1.56146,0,3.08277,-2.50475,-0.230949,-0.0126182,0.0217646,0.86703,0,0,
0.178,0.0317754,-0.0226307,0.507942,-0.301487,-0.253623,0.384258,-0.00733394,0.210962,0.00667876,-0.443557,2.84398,0.0795898,0.103262,0.00152419,0.41393,-0.0342897,0,-0.39099,0,0,0,0,0,0,-0.00333614,1.90748,-1.58159,0,3.09236,-2.51254,-0.220614,-0.0126182,0.0217646,0.869726,0,0,
0.179,0.0314776,-0.0228852,0.508372,-0.302248,-0.253545,0.377183,-0.00777726,0.213771,0.00665881,-0.452083,2.80628,0.0734894,0.103227,0.00152419,0.413547,-0.0361265,0,-0.375262,0,0,0,0,0,0,-0.00363441,1.91952,-1.60174,0,3.10157,-2.52002,-0.210178,-0.0126182,0.0217646,0.872316,0,0,
0.18,0.0311795,-0.0231393,0.508795,-0.302865,-0.253417,0.370464,-0.00823566,0.216531,0.00662561,-0.466161,2.75662,0.0646675,0.10319,0.00152419,0.41318,-0.0375479,0,-0.359315,0,0,0,0,0,0,-0.00392612,1.9316,-1.62189,0,3.1104,-2.5272,-0.199678,-0.0126182,0.0217646,0.8748,0,0,
0.181,0.0308807,-0.0233928,0.50921,-0.303884,-0.253222,0.366082,-0.00872454,0.219219,0.00656881,-0.495039,2.68457,0.0488645,0.103152,0.00152419,0.412828,-0.0385637,0,-0.343154,0,0,0,0,0,0,-0.0042201,1.94373,-1.64197,0,3.11885,-2.53406,-0.189163,-0.0126182,0.0217646,0.877176,0,0,
0.182,0.0305812,-0.0236431,0.509622,-0.30579,-0.250253,0.365876,-0.00929737,0.221802,0.00647933,-0.5758,2.58008,0.0358133,0.103113,0.00152419,0.412493,-0.039185,0,-0.326787,0,0,0,0,0,0,-0.00458793,1.95594,-1.66195,0,3.12691,-2.54061,-0.178681,-0.0126182,0.0217646,0.879442,0,0,
0.183,0.0302768,-0.0238818,0.510042,-0.311772,-0.238703,0.37823,-0.00998722,0.22431,0.0063732,-0.688869,2.50331,0.0464819,0.103074,0.00152419,0.412175,-0.0394233,0,-0.310219,0,0,0,0,0,0,-0.00473185,1.96801,-1.6802,0,3.13457,-2.54684,-0.172341,-0.0149283,0.0217646,0.881598,0,0,
0.184,0.0299681,-0.0241277,0.510472,-0.313597,-0.245959,0.385441,-0.0107715,0.22662,0.00624256,-0.778985,2.30502,0.0446861,0.103035,0.00152419,0.411873,-0.039291,0,-0.293453,0,0,0,0,0,0,-0.00505224,1.98041,-1.69867,0,3.14184,-2.55274,-0.165526,-0.0160419,0.0217646,0.883642,0,0,
0.185,0.0296634,-0.0243774,0.510881,-0.309723,-0.249603,0.363383,-0.0115348,0.228951,0.00612351,-0.758011,2.32667,0.0533283,0.102996,0.00152419,0.411588,-0.0388016,0,-0.276495,0,0,0,0,0,0,-0.00538186,1.99284,-1.71746,0,3.1487,-2.55832,-0.158143,-0.0168869,0.0217646,0.885572,0,0,
0.186,0.0293578,-0.0246267,0.511285,-0.310723,-0.249016,0.35779,-0.0122685,0.231272,0.006019,-0.728452,2.31616,0.0628442,0.102957,0.00152419,0.41132,-0.0379689,0,-0.259347,0,0,0,0,0,0,-0.00572553,2.00529,-1.73646,0,3.15516,-2.56356,-0.150307,-0.0175038,0.0217646,0.887387,0,0,
0.187,0.0290518,-0.0248761,0.51168,-0.311275,-0.249072,0.350115,-0.0129695,0.233574,0.00592624,-0.695839,2.29856,0.0686922,0.10292,0.00152419,0.411069,-0.0368078,0,-0.242013,0,0,0,0,0,0,-0.00607211,2.01777,-1.75561,0,3.1612,-2.56847,-0.142098,-0.0179353,0.0217646,0.889087,0,0,
0.188,0.0287456,-0.0251256,0.512066,-0.311597,-0.249007,0.341844,-0.0136371,0.235857,0.00584318,-0.662712,2.27839,0.0721967,0.102884,0.00152419,0.410836,-0.0353339,0,-0.224494,0,0,0,0,0,0,-0.00641534,2.03028,-1.7749,0,3.16682,-2.57304,-0.133579,-0.0182126,0.0217646,0.890669,0,0,
0.189,0.0284392,-0.025375,0.512444,-0.311908,-0.248856,0.333759,-0.0142704,0.238113,0.00576885,-0.628668,2.25237,0.0743493,0.102849,0.00152419,0.41062,-0.0335636,0,-0.206793,0,0,0,0,0,0,-0.0067509,2.04281,-1.79428,0,3.17202,-2.57727,-0.124809,-0.0183623,0.0217646,0.892132,0,0,
0.19,0.0281328,-0.0256243,0.512812,-0.312097,-0.248718,0.325338,-0.0148697,0.240342,0.00570222,-0.595062,2.22557,0.0753909,0.102817,0.00152419,0.410423,-0.031514,0,-0.18891,0,0,0,0,0,0,-0.00707553,2.05537,-1.81374,0,3.1768,-2.58115,-0.115833,-0.0184056,0.0217646,0.893475,0,0,
0.191,0.0278266,-0.0258738,0.513172,-0.312061,-0.248833,0.317259,-0.0154327,0.24254,0.0056424,-0.559111,2.19517,0.0747837,0.102786,0.00152419,0.410243,-0.0292031,0,-0.170847,0,0,0,0,0,0,-0.00737624,2.06796,-1.83325,0,3.18114,-2.58468,-0.106694,-0.0184056,0.0217646,0.894697,0,0,
0.192,0.0275208,-0.0261237,0.513523,-0.311756,-0.249267,0.309944,-0.0159566,0.244701,0.00558649,-0.520591,2.15824,0.0704744,0.102758,0.00152419,0.410081,-0.0266495,0,-0.152603,0,0,0,0,0,0,-0.00764357,2.0806,-1.8528,0,3.18505,-2.58785,-0.0974345,-0.0184056,0.0217646,0.895795,0,0,
0.193,0.0272158,-0.0263741,0.513867,-0.311026,-0.249797,0.304645,-0.0164428,0.24681,0.00553189,-0.483242,2.10587,0.0636677,0.102733,0.00152419,0.409937,-0.0238729,0,-0.134177,0,0,0,0,0,0,-0.00787549,2.0933,-1.87236,0,3.18851,-2.59067,-0.0880976,-0.0184056,0.0217646,0.89677,0,0,
0.194,0.0269124,-0.0266251,0.514206,-0.309621,-0.250466,0.301312,-0.0168927,0.248849,0.00547673,-0.447378,2.03737,0.0552028,0.102711,0.00152419,0.409813,-0.0208936,0,-0.11557,0,0,0,0,0,0,-0.00806929,2.10609,-1.89192,0,3.19153,-2.59312,-0.0787185,-0.0184056,0.0217646,0.897619,0,0,
0.195,0.0266111,-0.0268775,0.514541,-0.307937,-0.251975,0.300886,-0.0173073,0.250806,0.00541681,-0.412383,1.95408,0.0425858,0.102691,0.00152419,0.409706,-0.0177325,0,-0.0967791,0,0,0,0,0,0,-0.00821772,2.11901,-1.9115,0,3.1941,-2.59521,-0.0693217,-0.0184056,0.0217646,0.898341,0,0,
0.196,0.0263105,-0.0271362,0.51488,-0.309931,-0.257993,0.31157,-0.0176877,0.252666,0.00533508,-0.378463,1.85833,0.0130371,0.102675,0.00152419,0.409619,-0.0144118,0,-0.077803,0,0,0,0,0,0,-0.00826938,2.13213,-1.93118,0,3.19621,-2.59692,-0.0598919,-0.0184056,0.0217646,0.898934,0,0,
0.197,0.0260217,-0.0273939,0.51522,-0.298765,-0.257079,0.318973,-0.0178402,0.254375,0.00527241,-0.156626,1.70792,-0.0244334,0.102662,0.00152419,0.409551,-0.0109542,0,-0.0586396,0,0,0,0,0,0,-0.00784853,2.14506,-1.94879,0,3.19786,-2.59826,-0.0548842,-0.0211334,0.0217646,0.899399,0,0,
0.198,0.0257441,-0.0276302,0.515558,-0.285468,-0.235406,0.316636,-0.0179778,0.255918,0.00524462,-0.141258,1.54301,0.00693321,0.102653,0.00152419,0.409502,-0.00738325,0,-0.0392864,0,0,0,0,0,0,-0.0075168,2.15781,-1.96558,0,3.19905,-2.59923,-0.0506005,-0.0239036,0.0217646,0.899732,0,0,
0.199,0.025465,-0.0278672,0.515915,-0.288213,-0.234078,0.343881,-0.0176601,0.257111,0.00536727,0.300961,1.19391,0.042057,0.102648,0.00152419,0.409472,-0.00372341,0,-0.0197409,0,0,0,0,0,0,-0.00681118,2.17069,-1.98185,0,3.19976,-2.59981,-0.0463304,-0.0288382,0.0217646,0.899933,0,0,
0.2,0.025189,-0.0281108,0.516242,-0.282085,-0.244367,0.306479,-0.0175765,0.258409,0.00527878,0.0738759,1.29854,-0.109787,0.102648,0.00152419,0.409472,-0.00372341,0,-0.0197409,0,0,0,0,0,0,-0.00607327,2.18309,-1.99731,0,3.19976,-2.59981,-0.0428737,-0.0327914,0.0217646,0.899933,0,0,
0.201,0.0249021,-0.0283458,0.516584,-0.292202,-0.235246,0.321625,-0.0174756,0.259564,0.00521993,0.0915218,1.15603,-0.084706,0.102648,0.00152419,0.409472,-0.00372341,0,-0.0197409,0,0,0,0,0,0,-0.00543046,2.19552,-2.01259,0,3.19976,-2.59981,-0.03895,-0.0360825,0.0217646,0.899933,0,0,
0.202,0.0246141,-0.0285788,0.516911,-0.292885,-0.233351,0.308164,-0.0174185,0.260654,0.00516251,0.0495139,1.08991,-0.0721046,0.102648,0.00152419,0.409472,-0.00372341,0,-0.0197409,0,0,0,0,0,0,-0.00492876,2.20797,-2.02798,0,3.19976,-2.59981,-0.0344076,-0.0387233,0.0217646,0.899933,0,0,
0.203,0.0243261,-0.028813,0.517229,-0.292765,-0.234508,0.29911,-0.017396,0.261682,0.00510561,0.0164561,1.02821,-0.0627091,0.102648,0.00152419,0.409472,-0.00372341,0,-0.0197409,0,0,0,0,0,0,-0.00453469,2.22047,-2.04346,0,3.19976,-2.59981,-0.0293073,-0.0408237,0.0217646,0.899933,0,0,
0.204,0.0240381,-0.0290477,0.517538,-0.292568,-0.23506,0.290315,-0.0174003,0.262652,0.00505021,-0.00904633,0.969654,-0.0542971,0.102648,0.00152419,0.409472,-0.00372341,0,-0.0197409,0,0,0,0,0,0,-0.00422801,2.23299,-2.05898,0,3.19976,-2.59981,-0.0237287,-0.0424717,0.0217646,0.899933,0,0,
0.205,0.0237502,-0.0292827,0.517836,-0.292325,-0.235464,0.281478,-0.017425,0.263566,0.00499703,-0.0285096,0.914414,-0.0467364,0.102648,0.00152419,0.409472,-0.00372341,0,-0.0197409,0,0,0,0,0,0,-0.00399259,2.24552,-2.07451,0,3.19976,-2.59981,-0.0177491,-0.0437399,0.0217646,0.899933,0,0,
0.206,0.0234626,-0.0295181,0.518125,-0.291976,-0.235756,0.272508,-0.0174653,0.264429,0.00494653,-0.043187,0.862505,-0.039988,0.102648,0.00152419,0.409472,-0.00372341,0,-0.0197409,0,0,0,0,0,0,-0.00381559,2.25804,-2.09,0,3.19976,-2.59981,-0.0114456,-0.0446878,0.0217646,0.899933,0,0,
0.207,0.0231753,-0.0297537,0.518404,-0.291599,-0.235971,0.26346,-0.017517,0.265243,0.0048988,-0.0538483,0.813851,-0.0342082,0.102648,0.00152419,0.409472,-0.00372341,0,-0.0197409,0,0,0,0,0,0,-0.0036868,2.27054,-2.10538,0,3.19976,-2.59981,-0.00488926,-0.0453652,0.0217646,0.899933,0,0,
0.208,0.0228883,-0.0299895,0.518674,-0.291221,-0.236136,0.254331,-0.0175765,0.266012,0.00485377,-0.0612027,0.768457,-0.0294025,0.102648,0.00152419,0.409472,-0.00372341,0,-0.0197409,0,0,0,0,0,0,-0.00359794,2.283,-2.12061,0,3.19976,-2.59981,0.00185823,-0.0458134,0.0217645,0.899933,0,0,
0.209,0.0226016,-0.0302254,0.518933,-0.290816,-0.236258,0.245081,-0.0176413,0.266739,0.00481136,-0.0660239,0.7264,-0.0253467,0.102648,0.00152419,0.409472,-0.00372341,0,-0.0197409,0,0,0,0,0,0,-0.00354232,2.29538,-2.13563,0,3.19976,-2.59981,0.00874077,-0.0460666,0.0217645,0.899933,0,0,
0.21,0.0223152,-0.0304614,0.519182,-0.290393,-0.236341,0.235759,-0.0177093,0.267427,0.00477158,-0.0689072,0.687717,-0.0218336,0.102648,0.00152419,0.409472,-0.00372341,0,-0.0197409,0,0,0,0,0,0,-0.00351461,2.30768,-2.1504,0,3.19976,-2.59981,0.0157079,-0.0461535,0.0217645,0.899933,0,0,
0.211,0.0220292,-0.0306978,0.519421,-0.289949,-0.236673,0.226357,-0.017774,0.268079,0.0047345,-0.0654741,0.652471,-0.0199693,0.102648,0.00152419,0.409472,-0.00372341,0,-0.0197409,0,0,0,0,0,0,-0.00350019,2.31987,-2.16487,0,3.19976,-2.59981,0.0227137,-0.0461535,0.0217645,0.899933,0,0,
0.212,0.0217435,-0.0309345,0.51965,-0.289489,-0.237044,0.216891,-0.0178282,0.2687,0.00470027,-0.055194,0.620745,-0.0198493,0.102648,0.00152419,0.409472,-0.00372341,0,-0.0197409,0,0,0,0,0,0,-0.00348349,2.33193,-2.17898,0,3.19976,-2.59981,0.0297172,-0.0461535,0.0217645,0.899933,0,0,
0.213,0.0214582,-0.0311711,0.519869,-0.289026,-0.236987,0.207324,-0.0178729,0.269293,0.00466907,-0.0458136,0.592605,-0.0193435,0.102648,0.00152419,0.409472,-0.00372341,0,-0.0197409,0,0,0,0,0,0,-0.00346548,2.34382,-2.19269,0,3.19976,-2.59981,0.0366814,-0.0461535,0.0217645,0.899933,0,0,
0.214,0.0211733,-0.0314077,0.520077,-0.288566,-0.236913,0.197718,-0.017909,0.269862,0.00464114,-0.0374377,0.568105,-0.0183149,0.102648,0.00152419,0.409472,-0.00372341,0,-0.0197409,0,0,0,0,0,0,-0.00344745,2.35554,-2.20593,0,3.19976,-2.59981,0.0435732,-0.0461535,0.0217645,0.899933,0,0,
0.215,0.0208888,-0.0316442,0.520275,-0.288067,-0.236827,0.188032,-0.0179376,0.270409,0.00461688,-0.030156,0.547325,-0.0166126,0.102648,0.00152419,0.409472,-0.00372341,0,-0.0197409,0,0,0,0,0,0,-0.00343094,2.36703,-2.21865,0,3.19976,-2.59981,0.0503256,-0.0461535,0.0217645,0.899933,0,0,
0.216,0.0206047,-0.0318806,0.520463,-0.287481,-0.236725,0.178385,-0.01796,0.270939,0.00459686,-0.0240037,0.530276,-0.0140351,0.102648,0.00152419,0.409472,-0.00372341,0,-0.0197409,0,0,0,0,0,0,-0.00341785,2.37827,-2.23068,0,3.19976,-2.59981,0.0567287,-0.0461535,0.0217645,0.899933,0,0,
0.217,0.0203212,-0.0321169,0.520641,-0.286904,-0.236596,0.168722,-0.0179775,0.271457,0.00458191,-0.0192638,0.517266,-0.0102569,0.102648,0.00152419,0.409472,-0.00372341,0,-0.0197409,0,0,0,0,0,0,-0.00341072,2.38921,-2.24188,0,3.19976,-2.59981,0.0625956,-0.0461535,0.0217645,0.899933,0,0,
0.218,0.020038,-0.0323531,0.520809,-0.286296,-0.23657,0.159084,-0.0179907,0.271966,0.00457272,-0.0149822,0.508883,-0.00565753,0.102648,0.00152419,0.409472,-0.00372341,0,-0.0197409,0,0,0,0,0,0,-0.00341071,2.3998,-2.25211,0,3.19976,-2.59981,0.0677554,-0.0461535,0.0217645,0.899933,0,0,
0.219,0.0197554,-0.0325896,0.520966,-0.285597,-0.236785,0.14957,-0.0179977,0.272472,0.00456963,-0.00908384,0.506281,-0.00120454,0.102648,0.00152419,0.409472,-0.00372341,0,-0.0197409,0,0,0,0,0,0,-0.00341599,2.40999,-2.26125,0,3.19976,-2.59981,0.0720458,-0.0461535,0.0217645,0.899933,0,0,
0.22,0.0194972,-0.0328625,0.521189,-0.260514,-0.274495,0.215656,-0.0178921,0.272845,0.00449635,0.0999622,0.373127,-0.1017,0.102648,0.00152419,0.409472,-0.00372341,0,-0.0197409,0,0,0,0,0,0,-0.00321548,2.41995,-2.26909,0,3.19976,-2.59981,0.075232,-0.0462735,0.0217645,0.899933,0,0,
0.221,0.0192396,-0.0331269,0.521399,-0.259863,-0.266117,0.204126,-0.0177879,0.273199,0.00441493,0.0987511,0.354719,-0.109515,0.102648,0.00152419,0.409472,-0.00372341,0,-0.0197409,0,0,0,0,0,0,-0.0030174,2.4296,-2.27606,0,3.19976,-2.59981,0.077841,-0.0462735,0.0217645,0.899933,0,0,
0.222,0.0189839,-0.033391,0.521601,-0.257857,-0.265787,0.195864,-0.0176828,0.273551,0.00433543,0.0996567,0.352892,-0.107883,0.102648,0.00152419,0.409472,-0.00372341,0,-0.0197409,0,0,0,0,0,0,-0.00282801,2.43889,-2.28204,0,3.19976,-2.59981,0.0797637,-0.0462735,0.0217645,0.899933,0,0,
0.223,0.0187302,-0.033655,0.521795,-0.255722,-0.265538,0.187312,-0.0175781,0.273907,0.00426182,0.0993481,0.355983,-0.101932,0.102648,0.00152419,0.409472,-0.00372341,0,-0.0197409,0,0,0,0,0,0,-0.00265486,2.44778,-2.28698,0,3.19976,-2.59981,0.0809242,-0.0462735,0.0217645,0.899933,0,0,
0.224,0.0184781,-0.033919,0.521981,-0.254192,-0.265463,0.179161,-0.0174736,0.274265,0.00419559,0.0990176,0.358381,-0.0944921,0.102648,0.00152419,0.409472,-0.00372341,0,-0.0197409,0,0,0,0,0,0,-0.00250019,2.45632,-2.29103,0,3.19976,-2.59981,0.0815187,-0.0462735,0.0217645,0.899933,0,0,
0.225,0.0182278,-0.0341832,0.522158,-0.252288,-0.265527,0.171398,-0.017369,0.274624,0.00413714,0.0991835,0.359171,-0.0868021,0.102648,0.00152419,0.409472,-0.00372341,0,-0.0197409,0,0,0,0,0,0,-0.00236399,2.46456,-2.29434,0,3.19976,-2.59981,0.0816996,-0.0462735,0.0217645,0.899933,0,0,
0.226,0.0179796,-0.0344478,0.522329,-0.25019,-0.265698,0.164147,-0.0172637,0.274982,0.00408638,0.0998829,0.358266,-0.0793331,0.102648,0.00152419,0.409472,-0.00372341,0,-0.0197409,0,0,0,0,0,0,-0.00224541,2.47253,-2.29707,0,3.19976,-2.59981,0.0816996,-0.0462735,0.0217645,0.899933,0,0,
0.227,0.0177337,-0.0347126,0.522492,-0.247858,-0.265952,0.157365,-0.0171572,0.275337,0.0040431,0.101118,0.355893,-0.0722325,0.102648,0.00152419,0.409472,-0.00372341,0,-0.0197409,0,0,0,0,0,0,-0.00214342,2.48026,-2.29935,0,3.19976,-2.59981,0.0816996,-0.0462735,0.0217645,0.899933,0,0,
0.228,0.0174904,-0.034978,0.522649,-0.245252,-0.266276,0.151108,-0.0170487,0.275689,0.00400707,0.102945,0.35228,-0.0655309,0.102648,0.00152419,0.409472,-0.00372341,0,-0.0197409,0,0,0,0,0,0,-0.00205697,2.48778,-2.30123,0,3.19976,-2.59981,0.0816996,-0.0462735,0.0217645,0.899933,0,0,
0.229,0.0172498,-0.0352438,0.5228,-0.242497,-0.266654,0.145216,-0.0169379,0.276036,0.00397808,0.105253,0.347651,-0.059186,0.102648,0.00152419,0.409472,-0.00372341,0,-0.0197409,0,0,0,0,0,0,-0.00198517,2.4951,-2.30272,0,3.19976,-2.59981,0.0816995,-0.0462735,0.0217645,0.899933,0,0,
0.23,0.0170122,-0.0355101,0.522946,-0.239604,-0.267081,0.139638,-0.0168243,0.276378,0.00395591,0.107944,0.342213,-0.0531487,0.102648,0.00152419,0.409472,-0.00372341,0,-0.0197409,0,0,0,0,0,0,-0.00192726,2.50223,-2.30385,0,3.19976,-2.59981,0.0816995,-0.0462735,0.0217645,0.899933,0,0,
0.231,0.0167775,-0.0357771,0.523086,-0.236582,-0.26755,0.134377,-0.0167076,0.276714,0.00394039,0.110928,0.336138,-0.0473832,0.102648,0.00152419,0.409472,-0.00372341,0,-0.0197409,0,0,0,0,0,0,-0.00188256,2.50918,-2.30466,0,3.19976,-2.59981,0.0816995,-0.0462735,0.0217645,0.899933,0,0,
0.232,0.0165459,-0.0360446,0.52322,-0.233443,-0.268058,0.129323,-0.0165876,0.277043,0.00393133,0.114131,0.329586,-0.0418576,0.102648,0.00152419,0.409472,-0.00372341,0,-0.0197409,0,0,0,0,0,0,-0.00185051,2.51596,-2.30516,0,3.19976,-2.59981,0.0816996,-0.0462735,0.0217645,0.899933,0,0,
0.233,0.0163176,-0.0363128,0.52335,-0.230189,-0.268605,0.12446,-0.0164641,0.277365,0.00392857,0.117491,0.322681,-0.0365526,0.102648,0.00152419,0.409472,-0.00372341,0,-0.0197409,0,0,0,0,0,0,-0.00183063,2.52259,-2.30538,0,3.19976,-2.59981,0.0816996,-0.0462735,0.0217645,0.899933,0,0,
0.234,0.0160924,-0.0365816,0.523475,-0.227054,-0.269189,0.119929,-0.0163371,0.277679,0.00393191,0.12094,0.314746,-0.0314597,0.102648,0.00152419,0.409472,-0.00372341,0,-0.0197409,0,0,0,0,0,0,-0.00182243,2.52908,-2.30538,0,3.19976,-2.59981,0.0817336,-0.0462735,0.0217645,0.899933,0,0,
0.235,0.0158705,-0.0368514,0.523596,-0.223798,-0.270004,0.115495,-0.0162047,0.277985,0.00394032,0.126088,0.30604,-0.0278983,0.102648,0.00152419,0.409472,-0.00372341,0,-0.0197409,0,0,0,0,0,0,-0.00182243,2.53547,-2.30524,0,3.19976,-2.59981,0.0818777,-0.0462735,0.0217645,0.899933,0,0,
0.236,0.015652,-0.0371222,0.523711,-0.220216,-0.270985,0.111086,-0.0160642,0.278282,0.00395222,0.133943,0.297459,-0.0266778,0.102648,0.00152419,0.409472,-0.00372341,0,-0.0197409,0,0,0,0,0,0,-0.0018254,2.54175,-2.30497,0,3.19976,-2.59981,0.0821253,-0.0462735,0.0217645,0.899933,0,0,
0.237,0.0154372,-0.0373937,0.523823,-0.216587,-0.271683,0.106743,-0.0159158,0.27857,0.00396755,0.141496,0.289044,-0.0254479,0.102648,0.00152419,0.409472,-0.00372341,0,-0.0197409,0,0,0,0,0,0,-0.00183164,2.54794,-2.30457,0,3.19976,-2.59981,0.0824706,-0.0462735,0.0217645,0.899933,0,0,
0.238,0.0152261,-0.037666,0.523929,-0.212896,-0.272427,0.102498,-0.01576,0.27885,0.00398618,0.148747,0.280809,-0.0242558,0.102648,0.00152419,0.409472,-0.00372341,0,-0.0197409,0,0,0,0,0,0,-0.00184125,2.55403,-2.30406,0,3.19976,-2.59981,0.0829078,-0.0462735,0.0217645,0.899933,0,0,
0.239,0.0150186,-0.0379391,0.524032,-0.209154,-0.273208,0.0983214,-0.0155969,0.279122,0.00400796,0.15569,0.272769,-0.0231239,0.102648,0.00152419,0.409472,-0.00372341,0,-0.0197409,0,0,0,0,0,0,-0.00185428,2.56002,-2.30344,0,3.19976,-2.59981,0.0834313,-0.0462735,0.0217645,0.899933,0,0,
0.24,0.014815,-0.0382131,0.52413,-0.205362,-0.27403,0.0941889,-0.0154269,0.279387,0.00403274,0.162326,0.264928,-0.0220741,0.102648,0.00152419,0.409472,-0.00372341,0,-0.0197409,0,0,0,0,0,0,-0.00187077,2.56593,-2.30273,0,3.19976,-2.59981,0.0840357,-0.0462735,0.0217645,0.899933,0,0,
0.241,0.0146151,-0.038488,0.524224,-0.201526,-0.274897,0.0901236,-0.0152503,0.279643,0.00406032,0.168662,0.257281,-0.0211328,0.102648,0.00152419,0.409472,-0.00372341,0,-0.0197409,0,0,0,0,0,0,-0.00189072,2.57176,-2.30194,0,3.19976,-2.59981,0.0847157,-0.0462735,0.0217645,0.899933,0,0,
0.242,0.0144191,-0.0387639,0.524313,-0.197651,-0.275812,0.086098,-0.0150675,0.279892,0.00409048,0.174703,0.249825,-0.0203238,0.102648,0.00152419,0.409472,-0.00372341,0,-0.0197409,0,0,0,0,0,0,-0.00191409,2.57751,-2.30106,0,3.19976,-2.59981,0.0854665,-0.0462735,0.0217645,0.899933,0,0,
0.243,0.0142269,-0.0390408,0.524399,-0.193745,-0.276777,0.082105,-0.0148787,0.280134,0.00412299,0.18046,0.242551,-0.0196702,0.102648,0.00152419,0.409472,-0.00372341,0,-0.0197409,0,0,0,0,0,0,-0.00194082,2.58318,-2.30011,0,3.19976,-2.59981,0.0862833,-0.0462735,0.0217645,0.899933,0,0,
0.244,0.0140387,-0.0393187,0.52448,-0.189813,-0.277796,0.0781341,-0.0146842,0.280369,0.00415759,0.185945,0.235449,-0.0191936,0.102648,0.00152419,0.409472,-0.00372341,0,-0.0197409,0,0,0,0,0,0,-0.00197082,2.58878,-2.29909,0,3.19976,-2.59981,0.0871615,-0.0462735,0.0217645,0.899933,0,0,
0.245,0.0138543,-0.0395977,0.524557,-0.185861,-0.278871,0.0742006,-0.0144843,0.280597,0.00419402,0.191172,0.228502,-0.0189168,0.102648,0.00152419,0.409472,-0.00372341,0,-0.0197409,0,0,0,0,0,0,-0.00200397,2.5943,-2.29802,0,3.19976,-2.59981,0.088097,-0.0462735,0.0217645,0.899933,0,0,
0.246,0.0136739,-0.0398779,0.52463,-0.181892,-0.280004,0.0702912,-0.0142792,0.280818,0.00423199,0.196155,0.221696,-0.0188601,0.102648,0.00152419,0.409472,-0.00372341,0,-0.0197409,0,0,0,0,0,0,-0.0020401,2.59976,-2.29688,0,3.19976,-2.59981,0.0890857,-0.0462735,0.0217645,0.899933,0,0,
0.247,0.0134975,-0.0401593,0.524699,-0.177917,-0.281195,0.0663486,-0.0140691,0.281032,0.00427119,0.200907,0.215024,-0.0190367,0.102648,0.00152419,0.409472,-0.00372341,0,-0.0197409,0,0,0,0,0,0,-0.00207904,2.60515,-2.2957,0,3.19976,-2.59981,0.0901236,-0.0462735,0.0217645,0.899933,0,0,
0.248,0.013325,-0.0404419,0.524764,-0.173936,-0.282448,0.0624403,-0.0138543,0.281239,0.00431131,0.205448,0.208461,-0.0194664,0.102648,0.00152419,0.409472,-0.00372341,0,-0.0197409,0,0,0,0,0,0,-0.0021206,2.61047,-2.29448,0,3.19976,-2.59981,0.0912073,-0.0462735,0.0217645,0.899933,0,0,
0.249,0.0131565,-0.0407259,0.524825,-0.169961,-0.283761,0.0585105,-0.013635,0.28144,0.00435203,0.209789,0.201994,-0.0201618,0.102648,0.00152419,0.409472,-0.00372341,0,-0.0197409,0,0,0,0,0,0,-0.00216454,2.61573,-2.29321,0,3.19976,-2.59981,0.0923332,-0.0462735,0.0217645,0.899933,0,0,
0.25,0.0129918,-0.0410113,0.524882,-0.165996,-0.285136,0.0545797,-0.0134114,0.281635,0.00439302,0.213947,0.195606,-0.0211364,0.102648,0.00152419,0.409472,-0.00372341,0,-0.0197409,0,0,0,0,0,0,-0.00221062,2.62093,-2.29191,0,3.19976,-2.59981,0.0934981,-0.0462735,0.0217645,0.899933,0,0,
0.251,0.0128311,-0.0412981,0.524934,-0.162048,-0.286571,0.0505982,-0.0131837,0.281823,0.00443394,0.217935,0.189284,-0.0223971,0.102648,0.00152419,0.409472,-0.00372341,0,-0.0197409,0,0,0,0,0,0,-0.00225858,2.62608,-2.29057,0,3.19976,-2.59981,0.0946991,-0.0462735,0.0217645,0.899933,0,0,
0.252,0.0126743,-0.0415864,0.524983,-0.158121,-0.288067,0.0465923,-0.012952,0.282005,0.00447445,0.22177,0.183008,-0.0239532,0.102648,0.00152419,0.409472,-0.00372341,0,-0.0197409,0,0,0,0,0,0,-0.00230814,2.63117,-2.28921,0,3.19976,-2.59981,0.0959331,-0.0462735,0.0217645,0.899933,0,0,
0.253,0.0125214,-0.0418763,0.525027,-0.15423,-0.289621,0.0425388,-0.0127164,0.282181,0.00451422,0.225463,0.176762,-0.0258101,0.102648,0.00152419,0.409472,-0.00372341,0,-0.0197409,0,0,0,0,0,0,-0.002359,2.6362,-2.28783,0,3.19976,-2.59981,0.0971976,-0.0462735,0.0217645,0.899933,0,0,
0.254,0.0123722,-0.0421677,0.525067,-0.150373,-0.291231,0.0384596,-0.0124771,0.282351,0.00455288,0.229027,0.170523,-0.0279741,0.102648,0.00152419,0.409472,-0.00372341,0,-0.0197409,0,0,0,0,0,0,-0.00241083,2.64118,-2.28642,0,3.19976,-2.59981,0.0984899,-0.0462735,0.0217645,0.899933,0,0,
0.255,0.0122269,-0.0424608,0.525102,-0.146563,-0.292895,0.0342888,-0.0122343,0.282514,0.00459012,0.232469,0.16428,-0.0304438,0.102648,0.00152419,0.409472,-0.00372341,0,-0.0197409,0,0,0,0,0,0,-0.0024633,2.64611,-2.285,0,3.19976,-2.59981,0.0998076,-0.0462735,0.0217645,0.899933,0,0,
0.256,0.0120852,-0.0427555,0.525133,-0.142817,-0.29461,0.0300351,-0.011988,0.282671,0.00462558,0.235803,0.158011,-0.0332172,0.102648,0.00152419,0.409472,-0.00372341,0,-0.0197409,0,0,0,0,0,0,-0.00251608,2.65098,-2.28356,0,3.19976,-2.59981,0.101148,-0.0462735,0.0217645,0.899933,0,0,
0.257,0.0119473,-0.0430519,0.52516,-0.139128,-0.296372,0.0257319,-0.0117383,0.282821,0.00465894,0.239035,0.151686,-0.0362952,0.102648,0.00152419,0.409472,-0.00372341,0,-0.0197409,0,0,0,0,0,0,-0.00256876,2.65581,-2.28211,0,3.19976,-2.59981,0.10251,-0.0462735,0.0217645,0.899933,0,0,
0.258,0.0118128,-0.0433501,0.525182,-0.135527,-0.298177,0.0212809,-0.0114854,0.282965,0.00468986,0.242168,0.14529,-0.0396668,0.102648,0.00152419,0.409472,-0.00372341,0,-0.0197409,0,0,0,0,0,0,-0.00262096,2.66059,-2.28065,0,3.19976,-2.59981,0.103891,-0.0462735,0.0217645,0.899933,0,0,
0.259,0.0116819,-0.0436501,0.525199,-0.132012,-0.300018,0.016764,-0.0112294,0.283103,0.00471804,0.245207,0.138778,-0.0433268,0.102648,0.00152419,0.409472,-0.00372341,0,-0.0197409,0,0,0,0,0,0,-0.00267223,2.66533,-2.27919,0,3.19976,-2.59981,0.105289,-0.0462735,0.0217645,0.899933,0,0,
0.26,0.0115543,-0.0439519,0.525211,-0.128609,-0.301892,0.012078,-0.0109703,0.283234,0.00474317,0.248143,0.132121,-0.0472577,0.102648,0.00152419,0.409472,-0.00372341,0,-0.0197409,0,0,0,0,0,0,-0.00272207,2.67002,-2.27772,0,3.19976,-2.59981,0.106702,-0.0462735,0.0217645,0.899933,0,0,
0.261,0.01143,-0.0442554,0.525218,-0.125339,-0.30379,0.00725569,-0.0107083,0.283358,0.00476497,0.250969,0.125262,-0.05144,0.102648,0.00152419,0.409472,-0.00372341,0,-0.0197409,0,0,0,0,0,0,-0.00276992,2.67467,-2.27625,0,3.19976,-2.59981,0.108129,-0.0462735,0.0217645,0.899933,0,0,
0.262,0.0113086,-0.0445608,0.52522,-0.122236,-0.305703,0.00225016,-0.0104435,0.283475,0.00478317,0.253657,0.118132,-0.0558427,0.102648,0.00152419,0.409472,-0.00372341,0,-0.0197409,0,0,0,0,0,0,-0.0028151,2.67927,-2.27479,0,3.19976,-2.59981,0.109568,-0.0462735,0.0217645,0.899933,0,0,
0.263,0.0111902,-0.0448679,0.525217,-0.119342,-0.307624,-0.0029821,-0.0101762,0.283584,0.00479754,0.256156,0.110634,-0.060419,0.102648,0.00152419,0.409472,-0.00372341,0,-0.0197409,0,0,0,0,0,0,-0.00285679,2.68384,-2.27332,0,3.19976,-2.59981,0.111017,-0.0462735,0.0217645,0.899933,0,0,
0.264,0.0110743,-0.0451768,0.525207,-0.116729,-0.309541,-0.00845508,-0.00990654,0.283686,0.0048079,0.25837,0.102614,-0.0650976,0.102648,0.00152419,0.409472,-0.00372341,0,-0.0197409,0,0,0,0,0,0,-0.00289385,2.68836,-2.27186,0,3.19976,-2.59981,0.112475,-0.0462735,0.0217645,0.899933,0,0,
0.265,0.0109605,-0.0454874,0.525191,-0.114512,-0.311445,-0.0142657,-0.00963515,0.283778,0.00481412,0.260092,0.0938363,-0.0697555,0.102648,0.00152419,0.409472,-0.00372341,0,-0.0197409,0,0,0,0,0,0,-0.00292471,2.69284,-2.27041,0,3.19976,-2.59981,0.113941,-0.0462735,0.0217645,0.899933,0,0,
0.266,0.0108481,-0.0457996,0.525169,-0.112926,-0.313338,-0.0205315,-0.00936299,0.283861,0.00481616,0.260869,0.0838764,-0.0741664,0.102648,0.00152419,0.409472,-0.00372341,0,-0.0197409,0,0,0,0,0,0,-0.00294681,2.69729,-2.26897,0,3.19976,-2.59981,0.115413,-0.0462735,0.0217645,0.899933,0,0,
0.267,0.0107363,-0.0461132,0.525139,-0.112262,-0.315112,-0.0268972,-0.00908758,0.283928,0.00481582,0.264062,0.0680814,-0.0774774,0.102648,0.00152419,0.409472,-0.00372341,0,-0.0197409,0,0,0,0,0,0,-0.00295461,2.70171,-2.26754,0,3.19976,-2.59981,0.116889,-0.0462735,0.0217645,0.899933,0,0,
0.268,0.0106249,-0.0464302,0.525101,-0.111456,-0.319476,-0.0329839,-0.00872775,0.283958,0.00480178,0.345276,0.0316895,-0.114848,0.102648,0.00152419,0.409472,-0.00372341,0,-0.0197409,0,0,0,0,0,0,-0.00289883,2.70607,-2.26591,0,3.19976,-2.59981,0.117939,-0.046295,0.0217645,0.899933,0,0,
0.269,0.0105145,-0.0467487,0.525056,-0.109668,-0.322484,-0.0369411,-0.0082614,0.283945,0.00478362,0.447734,-0.01041,-0.148812,0.102648,0.00152419,0.409472,-0.00372341,0,-0.0197409,0,0,0,0,0,0,-0.00277548,2.71033,-2.26386,0,3.19976,-2.59981,0.118237,-0.0463165,0.0217645,0.899933,0,0,
0.27,0.0104096,-0.0470681,0.52502,-0.101831,-0.327829,-0.0161979,-0.00770774,0.283792,0.00479741,0.532228,-0.15077,-0.141271,0.102648,0.00152419,0.409472,-0.00372341,0,-0.0197409,0,0,0,0,0,0,-0.00279635,2.71446,-2.26058,0,3.19976,-2.59981,0.116366,-0.0448706,0.0217645,0.899933,0,0,
0.271,0.0103173,-0.0474155,0.525022,-0.0861879,-0.361113,0.0371888,-0.00625054,0.283171,0.00481102,1.40201,-0.61462,-0.393973,0.102648,0.00152419,0.409472,-0.00372341,0,-0.0197409,0,0,0,0,0,0,-0.00220405,2.71975,-2.25917,0,3.19976,-2.59981,0.117039,-0.046957,0.0217645,0.899933,0,0,
0.272,0.0102324,-0.0477497,0.524983,-0.0800773,-0.344189,-0.0120048,-0.00437738,0.282442,0.00480382,1.80223,-0.719734,-0.529902,0.102648,0.00152419,0.409472,-0.00372341,0,-0.0197409,0,0,0,0,0,0,-0.00131404,2.72526,-2.25825,0,3.19976,-2.59981,0.118333,-0.0506294,0.0217645,0.899933,0,0,
0.273,0.0101569,-0.0480816,0.524948,-0.071434,-0.340521,-0.0112998,-0.00247227,0.281699,0.00475578,1.83335,-0.734063,-0.578326,0.102648,0.00152419,0.409472,-0.00372341,0,-0.0197409,0,0,0,0,0,0,-0.000416592,2.73082,-2.25739,0,3.19976,-2.59981,0.119611,-0.0540041,0.0217645,0.899933,0,0,
0.274,0.0100842,-0.0484169,0.524917,-0.0690309,-0.343909,-0.0087554,-0.000641733,0.280965,0.00466687,1.76201,-0.726298,-0.597125,0.102648,0.00152419,0.409472,-0.00372341,0,-0.0197409,0,0,0,0,0,0,0.0004434,2.73637,-2.25654,0,3.19976,-2.59981,0.120862,-0.0568746,0.0217645,0.899933,0,0,
0.275,0.0100128,-0.0487556,0.524886,-0.0678392,-0.347156,-0.00998174,0.00110305,0.280254,0.00454776,1.67979,-0.703252,-0.602311,0.102648,0.00152419,0.409472,-0.00372341,0,-0.0197409,0,0,0,0,0,0,0.00125219,2.74186,-2.25567,0,3.19976,-2.59981,0.122087,-0.0592774,0.0217645,0.899933,0,0,
0.276,0.00994241,-0.0490968,0.524852,-0.067086,-0.349544,-0.0145945,0.00275431,0.27958,0.0044074,1.58999,-0.666831,-0.596561,0.102648,0.00152419,0.409472,-0.00372341,0,-0.0197409,0,0,0,0,0,0,0.00199738,2.74727,-2.25476,0,3.19976,-2.59981,0.123294,-0.061247,0.0217645,0.899933,0,0,
0.277,0.00987315,-0.04944,0.524812,-0.0661781,-0.351334,-0.0214945,0.00430837,0.278952,0.00425296,1.49656,-0.621228,-0.58282,0.102648,0.00152419,0.409472,-0.00372341,0,-0.0197409,0,0,0,0,0,0,0.00267124,2.75256,-2.25382,0,3.19976,-2.59981,0.12449,-0.0628195,0.0217645,0.899933,0,0,
0.278,0.00980535,-0.0497848,0.524766,-0.0649519,-0.352835,-0.0296926,0.00576452,0.278376,0.00408944,1.40236,-0.570009,-0.564066,0.102648,0.00152419,0.409472,-0.00372341,0,-0.0197409,0,0,0,0,0,0,0.00327015,2.75774,-2.25284,0,3.19976,-2.59981,0.125682,-0.0640327,0.0217645,0.899933,0,0,
0.279,0.00973903,-0.0501313,0.524712,-0.0636997,-0.354127,-0.0386238,0.00712334,0.277856,0.00392005,1.30869,-0.515523,-0.542452,0.102648,0.00152419,0.409472,-0.00372341,0,-0.0197409,0,0,0,0,0,0,0.00379333,2.76278,-2.25181,0,3.19976,-2.59981,0.126877,-0.0649234,0.0217645,0.899933,0,0,
0.28,0.00967383,-0.0504789,0.52465,-0.0628316,-0.355061,-0.0480041,0.00838512,0.277392,0.00374701,1.21523,-0.458576,-0.518854,0.102648,0.00152419,0.409472,-0.00372341,0,-0.0197409,0,0,0,0,0,0,0.0042409,2.76768,-2.25076,0,3.19976,-2.59981,0.128079,-0.0655245,0.0217645,0.899933,0,0,
0.281,0.00960958,-0.0508277,0.52458,-0.0621177,-0.355841,-0.0574779,0.00955109,0.276988,0.00357203,1.12293,-0.400454,-0.494047,0.102648,0.00152419,0.409472,-0.00372341,0,-0.0197409,0,0,0,0,0,0,0.00461375,2.77244,-2.24966,0,3.19976,-2.59981,0.129292,-0.0658665,0.0217645,0.899933,0,0,
0.282,0.00954617,-0.0511774,0.524502,-0.0614909,-0.356503,-0.0670519,0.0106223,0.276643,0.00339679,1.03166,-0.341419,-0.468013,0.102648,0.00152419,0.409472,-0.00372341,0,-0.0197409,0,0,0,0,0,0,0.00491247,2.77705,-2.24854,0,3.19976,-2.59981,0.130519,-0.0659761,0.0217645,0.899933,0,0,
0.283,0.00948351,-0.0515281,0.524415,-0.0609568,-0.357218,-0.0768271,0.0116085,0.276359,0.00322371,0.949599,-0.280285,-0.442275,0.102648,0.00152419,0.409472,-0.00372341,0,-0.0197409,0,0,0,0,0,0,0.0051487,2.7815,-2.24737,0,3.19976,-2.59981,0.131764,-0.0659761,0.0217645,0.899933,0,0,
0.284,0.00942131,-0.0518792,0.524319,-0.0607201,-0.357374,-0.0872812,0.0125127,0.276143,0.00305675,0.87063,-0.213921,-0.413593,0.102648,0.00152419,0.409472,-0.00372341,0,-0.0197409,0,0,0,0,0,0,0.00532729,2.78579,-2.24617,0,3.19976,-2.59981,0.133027,-0.0659529,0.0217645,0.899933,0,0,
0.285,0.00935895,-0.0522298,0.524213,-0.0610916,-0.356373,-0.0991112,0.0133217,0.276004,0.00290268,0.778732,-0.136028,-0.374574,0.102648,0.00152419,0.409472,-0.00372341,0,-0.0197409,0,0,0,0,0,0,0.00543503,2.78989,-2.24492,0,3.19976,-2.59981,0.134312,-0.0658782,0.0217645,0.899933,0,0,
0.286,0.0092964,-0.0525794,0.524095,-0.061485,-0.354754,-0.111441,0.0140116,0.275964,0.00277342,0.663928,-0.0383967,-0.317268,0.102648,0.00152419,0.409472,-0.00372341,0,-0.0197409,0,0,0,0,0,0,0.0054476,2.79375,-2.24361,0,3.19976,-2.59981,0.135629,-0.0657071,0.0217645,0.899933,0,0,
0.287,0.00923253,-0.052926,0.52397,-0.0626803,-0.351073,-0.118673,0.014495,0.276052,0.00270588,0.464925,0.0893572,-0.199285,0.102648,0.00152419,0.409472,-0.00372341,0,-0.0197409,0,0,0,0,0,0,0.00529158,2.79743,-2.24252,0,3.19976,-2.59981,0.137266,-0.0653167,0.0217645,0.899933,0,0,
0.288,0.00917103,-0.0532632,0.523847,-0.0599984,-0.340233,-0.11494,0.0133686,0.276291,0.00260441,-1.08438,0.235631,0.205673,0.102648,0.00152419,0.409472,-0.00372341,0,-0.0197409,0,0,0,0,0,0,0.00444676,2.80115,-2.24252,0,3.19976,-2.59981,0.140928,-0.0607264,0.0217645,0.899933,0,0,
0.289,0.00911212,-0.0536051,0.52371,-0.0565079,-0.342684,-0.125987,0.012678,0.276619,0.00276083,-0.665258,0.326646,0.344914,0.102648,0.00152419,0.409472,-0.00372341,0,-0.0197409,0,0,0,0,0,0,0.00348343,2.80427,-2.24084,0,3.19976,-2.59981,0.14171,-0.0581163,0.0217645,0.899933,0,0,
0.29,0.00905218,-0.0539476,0.523552,-0.0571438,-0.34038,-0.14872,0.012466,0.277149,0.00315834,-0.205538,0.529243,0.455481,0.102648,0.00152419,0.409472,-0.00372341,0,-0.0197409,0,0,0,0,0,0,0.00237094,2.80667,-2.23774,0,3.19976,-2.59981,0.140313,-0.0568162,0.0217645,0.899933,0,0,
0.291,0.00898965,-0.0542923,0.52337,-0.0603054,-0.339692,-0.179928,0.0126434,0.278012,0.00373844,0.167649,0.863714,0.531479,0.102648,0.00152419,0.409472,-0.00372341,0,-0.0197409,0,0,0,0,0,0,0.0011489,2.80827,-2.23365,0,3.19976,-2.59981,0.13762,-0.0564595,0.0217645,0.899933,0,0,
0.292,0.00892722,-0.0546426,0.523185,-0.0604214,-0.344184,-0.18859,0.0129645,0.279086,0.00438412,0.304397,1.07488,0.55738,0.102648,0.00152419,0.409472,-0.00372341,0,-0.0197409,0,0,0,0,0,0,-0.000125867,2.80942,-2.22928,0,3.19976,-2.59981,0.134678,-0.0564797,0.0217645,0.899933,0,0,
0.293,0.00886499,-0.0549956,0.523,-0.0606724,-0.346061,-0.192986,0.0133118,0.280215,0.0050356,0.328482,1.13114,0.555621,0.102648,0.00152419,0.409472,-0.00372341,0,-0.0197409,0,0,0,0,0,0,-0.0014094,2.81049,-2.22518,0,3.19976,-2.59981,0.132151,-0.056709,0.0217645,0.899933,0,0,
0.294,0.00880257,-0.0553529,0.52281,-0.0610374,-0.351412,-0.201391,0.0136308,0.281349,0.0056435,0.300438,1.13559,0.519504,0.102648,0.00152419,0.409472,-0.00372341,0,-0.0197409,0,0,0,0,0,0,-0.00263566,2.81162,-2.22151,0,3.19976,-2.59981,0.130168,-0.0570986,0.0217645,0.899933,0,0,
0.295,0.00874074,-0.0557147,0.522618,-0.0606333,-0.357784,-0.202338,0.0138544,0.28238,0.00615659,0.208664,1.03198,0.45091,0.102648,0.00152419,0.409472,-0.00372341,0,-0.0197409,0,0,0,0,0,0,-0.00373146,2.81302,-2.21828,0,3.19976,-2.59981,0.128579,-0.0577248,0.0217645,0.899933,0,0,
0.296,0.00868339,-0.0560775,0.52244,-0.0565071,-0.359758,-0.184985,0.0139098,0.283086,0.00656252,0.0487461,0.706088,0.39046,0.102648,0.00152419,0.409472,-0.00372341,0,-0.0197409,0,0,0,0,0,0,-0.00472782,2.81523,-2.21625,0,3.19976,-2.59981,0.12877,-0.0579384,0.0217645,0.899933,0,0,
0.297,0.0086252,-0.0564347,0.522265,-0.0582672,-0.353044,-0.174809,0.0139815,0.283323,0.0069334,0.0672559,0.237523,0.35084,0.102648,0.00152419,0.409472,-0.00372341,0,-0.0197409,0,0,0,0,0,0,-0.00583204,2.81859,-2.21589,0,3.19976,-2.59981,0.1312,-0.0561043,0.0213116,0.899933,0,0,
0.298,0.0085616,-0.0567985,0.522031,-0.0647023,-0.36068,-0.234811,0.0142107,0.283544,0.00717257,0.218484,0.222985,0.17507,0.102648,0.00152419,0.409472,-0.00372341,0,-0.0197409,0,0,0,0,0,0,-0.00669244,2.82159,-2.21406,0,3.19976,-2.59981,0.131125,-0.054861,0.0213116,0.899933,0,0,
0.299,0.0084964,-0.0571555,0.521787,-0.0661422,-0.355388,-0.245492,0.0143314,0.283792,0.0073354,0.114065,0.24833,0.129062,0.102648,0.00152419,0.409472,-0.00372341,0,-0.0197409,0,0,0,0,0,0,-0.0074689,2.82448,-2.21224,0,3.19976,-2.59981,0.131125,-0.0537536,0.0213116,0.899933,0,0,
0.3,0.0084343,-0.0575228,0.521534,-0.0613152,-0.370581,-0.254077,0.0146,0.284078,0.00737046,0.2557,0.288169,-0.040175,0.102648,0.00152419,0.409472,-0.00372341,0,-0.0197409,0,0,0,0,0,0,-0.00791289,2.827,-2.20918,0,3.19976,-2.59981,0.129014,-0.0542625,0.0213116,0.899933,0,0,
0.301,0.00837737,-0.0578892,0.521311,-0.0546968,-0.372179,-0.216655,0.0144636,0.284058,0.00725998,-0.130798,-0.0206949,-0.072256,0.102648,0.00152419,0.409472,-0.00372341,0,-0.0197409,0,0,0,0,0,0,-0.00826894,2.83043,-2.20782,0,3.19976,-2.59981,0.129486,-0.0538101,0.0213116,0.899933,0,0,
0.302,0.00831654,-0.0582504,0.521053,-0.0577147,-0.368318,-0.249622,0.0139889,0.283973,0.00703091,-0.455068,-0.0885186,-0.0960456,0.102648,0.00152419,0.409472,-0.00372341,0,-0.0197409,0,0,0,0,0,0,-0.00855637,2.83399,-2.20679,0,3.19976,-2.59981,0.130366,-0.0531931,0.0213116,0.899933,0,0,
0.303,0.0082574,-0.0586128,0.520787,-0.0541742,-0.371175,-0.254892,0.0133614,0.283862,0.00670307,-0.601563,-0.115057,-0.152076,0.102648,0.00152419,0.409472,-0.00372341,0,-0.0197409,0,0,0,0,0,0,-0.00873423,2.83756,-2.20578,0,3.19976,-2.59981,0.131209,-0.0526464,0.0213116,0.899933,0,0,
0.304,0.00819899,-0.0589702,0.520505,-0.0509784,-0.367353,-0.26595,0.0127284,0.283817,0.00635901,-0.60741,-0.0489534,-0.166783,0.102648,0.00152419,0.409472,-0.00372341,0,-0.0197409,0,0,0,0,0,0,-0.00889035,2.84095,-2.20465,0,3.19976,-2.59981,0.131948,-0.0522564,0.0213116,0.899933,0,0,
0.305,0.00814365,-0.0593285,0.520213,-0.0437579,-0.372018,-0.270443,0.0121687,0.283874,0.00601218,-0.537587,0.0531872,-0.190107,0.102648,0.00152419,0.409472,-0.00372341,0,-0.0197409,0,0,0,0,0,0,-0.0090547,2.84396,-2.20301,0,3.19976,-2.59981,0.13207,-0.0520806,0.0213116,0.899933,0,0,
0.306,0.00808916,-0.0596849,0.519903,-0.0388466,-0.374113,-0.28557,0.0118134,0.284147,0.00571606,-0.342636,0.271569,-0.196564,0.102648,0.00152419,0.409472,-0.00372341,0,-0.0197409,0,0,0,0,0,0,-0.00932207,2.84627,-2.20044,0,3.19976,-2.59981,0.131037,-0.0520806,0.0213116,0.899933,0,0,
0.307,0.00802825,-0.0600351,0.519561,-0.0463857,-0.368359,-0.323578,0.0123701,0.284794,0.00560565,0.530628,0.649846,-0.266642,0.102648,0.00152419,0.409472,-0.00372341,0,-0.0197409,0,0,0,0,0,0,-0.00971956,2.84754,-2.1965,0,3.19976,-2.59981,0.128137,-0.0530645,0.0213116,0.899933,0,0,
0.308,0.00796902,-0.0603795,0.519229,-0.0425203,-0.359486,-0.317719,0.0118535,0.285751,0.00550758,-0.501016,0.954216,0.0473027,0.102648,0.00152419,0.409472,-0.00372341,0,-0.0197409,0,0,0,0,0,0,-0.010701,2.84862,-2.19404,0,3.19976,-2.59981,0.128137,-0.0503478,0.0228693,0.899933,0,0,
0.309,0.00790597,-0.0606974,0.518868,-0.0494578,-0.321968,-0.361784,0.00925855,0.287175,0.00558132,-2.49709,1.41043,0.806982,0.102648,0.00152419,0.409472,-0.00372341,0,-0.0197409,0,0,0,0,0,0,-0.0127536,2.84909,-2.19253,0,3.19976,-2.59981,0.13054,-0.0427472,0.0230043,0.899933,0,0,
0.31,0.00783895,-0.0610157,0.518496,-0.0593348,-0.311,-0.390429,0.00525795,0.289011,0.00588663,-3.84619,1.81375,1.44198,0.102648,0.00152419,0.409472,-0.00372341,0,-0.0197409,0,0,0,0,0,0,-0.0157182,2.84909,-2.19194,0,3.19976,-2.59981,0.135043,-0.0315162,0.0230043,0.899933,0,0,
0.311,0.0077704,-0.0613529,0.518111,-0.0705702,-0.32152,-0.421581,0.000783163,0.291059,0.00633178,-4.30033,2.02156,1.72487,0.102648,0.00152419,0.409472,-0.00372341,0,-0.0197409,0,0,0,0,0,0,-0.018907,2.84855,-2.19072,0,3.19976,-2.59981,0.139157,-0.0201432,0.0230043,0.899933,0,0,
0.312,0.00769685,-0.0616937,0.517728,-0.0798277,-0.321153,-0.427347,-0.00378347,0.293191,0.00689183,-4.38717,2.10276,1.87519,0.102648,0.00152419,0.409472,-0.00372341,0,-0.0197409,0,0,0,0,0,0,-0.022142,2.84784,-2.18886,0,3.19976,-2.59981,0.141608,-0.00999377,0.0230043,0.899933,0,0,
0.313,0.00762515,-0.0620406,0.517342,-0.0797176,-0.325566,-0.434397,-0.00833119,0.295335,0.00751449,-4.36759,2.11353,1.94166,0.102648,0.00152419,0.409472,-0.00372341,0,-0.0197409,0,0,0,0,0,0,-0.0253346,2.84709,-2.18665,0,3.19976,-2.59981,0.143024,-0.00101592,0.0230043,0.899933,0,0,
0.314,0.00755457,-0.0623899,0.516948,-0.0794943,-0.327265,-0.442215,-0.0128159,0.29747,0.00817922,-4.30573,2.10069,1.97462,0.102648,0.00152419,0.409472,-0.00372341,0,-0.0197409,0,0,0,0,0,0,-0.0284642,2.84638,-2.18429,0,3.19976,-2.59981,0.143806,0.00691591,0.0230043,0.899933,0,0,
0.315,0.00748501,-0.0627406,0.516547,-0.0790566,-0.328375,-0.449865,-0.0172153,0.299583,0.00887546,-4.2227,2.0775,1.99016,0.102648,0.00152419,0.409472,-0.00372341,0,-0.0197409,0,0,0,0,0,0,-0.0315268,2.84573,-2.18194,0,3.19976,-2.59981,0.144237,0.0139043,0.0230043,0.899933,0,0,
0.316,0.00741622,-0.0630921,0.516138,-0.0787542,-0.328959,-0.45755,-0.0215206,0.301673,0.00960127,-4.13142,2.05179,2.00072,0.102648,0.00152419,0.409472,-0.00372341,0,-0.0197409,0,0,0,0,0,0,-0.0345331,2.84517,-2.1797,0,3.19976,-2.59981,0.144521,0.0200863,0.0230043,0.899933,0,0,
0.317,0.00734804,-0.0634443,0.515721,-0.0785744,-0.329835,-0.465039,-0.0257239,0.303739,0.0103529,-4.03258,2.02566,2.00463,0.102648,0.00152419,0.409472,-0.00372341,0,-0.0197409,0,0,0,0,0,0,-0.0374869,2.8447,-2.17765,0,3.19976,-2.59981,0.144821,0.0255603,0.0230043,0.899933,0,0,
0.318,0.00728028,-0.0637974,0.515296,-0.0786021,-0.330708,-0.472487,-0.0298195,0.305782,0.0111277,-3.92864,2.00141,2.00373,0.102648,0.00152419,0.409472,-0.00372341,0,-0.0197409,0,0,0,0,0,0,-0.0403917,2.84434,-2.17586,0,3.19976,-2.59981,0.145259,0.0304095,0.0230043,0.899933,0,0,
0.319,0.00721282,-0.064151,0.514863,-0.0787469,-0.331585,-0.479623,-0.033795,0.307806,0.0119242,-3.81287,1.97928,1.99717,0.102648,0.00152419,0.409472,-0.00372341,0,-0.0197409,0,0,0,0,0,0,-0.0432519,2.8441,-2.17442,0,3.19976,-2.59981,0.146023,0.0347257,0.0230043,0.899933,0,0,
0.32,0.00714794,-0.0645116,0.514425,-0.0761222,-0.339707,-0.481982,-0.0375543,0.309775,0.0127012,-3.60552,1.92499,1.91951,0.102648,0.00152419,0.409472,-0.00372341,0,-0.0197409,0,0,0,0,0,0,-0.0459433,2.844,-2.17321,0,3.19976,-2.59981,0.147064,0.0384098,0.0230043,0.899933,0,0,
0.321,0.00708502,-0.0648742,0.513982,-0.0737344,-0.343269,-0.484095,-0.0410715,0.311668,0.0134518,-3.37325,1.84883,1.82588,0.102648,0.00152419,0.409472,-0.00372341,0,-0.0197409,0,0,0,0,0,0,-0.0484366,2.84411,-2.17219,0,3.19976,-2.59981,0.148264,0.0415207,0.0230043,0.899933,0,0,
0.322,0.00702303,-0.0652339,0.51353,-0.0723485,-0.341144,-0.491211,-0.0443722,0.31349,0.0142017,-3.1656,1.77883,1.76496,0.102648,0.00152419,0.409472,-0.00372341,0,-0.0197409,0,0,0,0,0,0,-0.0508113,2.84443,-2.17132,0,3.19976,-2.59981,0.149581,0.0443162,0.0230043,0.899933,0,0,
0.323,0.00696146,-0.0655937,0.513067,-0.0714329,-0.342322,-0.499542,-0.0474604,0.315247,0.0149496,-2.9622,1.71424,1.70285,0.102648,0.00152419,0.409472,-0.00372341,0,-0.0197409,0,0,0,0,0,0,-0.0530706,2.84492,-2.17058,0,3.19976,-2.59981,0.150985,0.0468246,0.0230043,0.899933,0,0,
0.324,0.00690035,-0.0659539,0.512595,-0.0704486,-0.343734,-0.507756,-0.0503381,0.316944,0.0156931,-2.76079,1.65484,1.63797,0.102648,0.00152419,0.409472,-0.00372341,0,-0.0197409,0,0,0,0,0,0,-0.0552131,2.84559,-2.16995,0,3.19976,-2.59981,0.152449,0.0490608,0.0230043,0.899933,0,0,
0.325,0.00683964,-0.0663145,0.512113,-0.0694476,-0.345243,-0.516006,-0.0530051,0.318585,0.0164294,-2.5595,1.60005,1.56965,0.102648,0.00152419,0.409472,-0.00372341,0,-0.0197409,0,0,0,0,0,0,-0.0572363,2.8464,-2.1694,0,3.19976,-2.59981,0.153952,0.0510369,0.0230043,0.899933,0,0,
0.326,0.0067793,-0.0666755,0.51162,-0.0683681,-0.346893,-0.524247,-0.0554581,0.320174,0.0171562,-2.3553,1.54942,1.49698,0.102648,0.00152419,0.409472,-0.00372341,0,-0.0197409,0,0,0,0,0,0,-0.0591372,2.84736,-2.16893,0,3.19976,-2.59981,0.155478,0.0527619,0.0230043,0.899933,0,0,
0.327,0.0067194,-0.0670369,0.511118,-0.0671067,-0.348509,-0.532409,-0.057691,0.321715,0.0178731,-2.14561,1.50338,1.42135,0.102648,0.00152419,0.409472,-0.00372341,0,-0.0197409,0,0,0,0,0,0,-0.0609163,2.84845,-2.16852,0,3.19976,-2.59981,0.157016,0.0542541,0.0230043,0.899933,0,0,
0.328,0.00666006,-0.0673984,0.510606,-0.0655004,-0.350049,-0.540398,-0.0596934,0.323212,0.0185834,-1.92613,1.46269,1.34482,0.102648,0.00152419,0.409472,-0.00372341,0,-0.0197409,0,0,0,0,0,0,-0.0625789,2.84965,-2.16816,0,3.19976,-2.59981,0.158556,0.0555451,0.0230043,0.899933,0,0,
